game_id,team1Id,team1Side,team1win,team1score,team2Id,team2Side,team2win,team2score,gameweek,refereeId
2517036,2444,home,lose,1,2445,away,win,4,34,379444
2517037,2482,home,win,3,2447,away,lose,1,34,384936
2517038,2457,home,lose,2,2975,away,win,6,34,387276
2517039,2453,home,win,2,2481,away,lose,0,34,378957
2517040,2449,home,win,1,2462,away,lose,0,34,387273
2517041,2455,away,lose,2,2446,home,win,3,34,381835
2517042,2454,away,lose,1,2450,home,win,2,34,384898
2517043,2443,away,win,2,2460,home,lose,1,34,378970
2517044,2451,home,win,4,2463,away,lose,1,34,459927
2517027,2447,home,lose,1,2460,away,win,2,33,378945
2517028,2975,home,win,4,2451,away,lose,1,33,381840
2517029,2444,away,win,3,2463,home,lose,1,33,387146
2517030,2446,away,tie,0,2443,home,tie,0,33,383490
2517031,2453,away,lose,1,2454,home,win,3,33,384936
2517032,2462,home,win,3,2450,away,lose,0,33,384973
2517033,2481,home,lose,1,2449,away,win,2,33,387272
2517034,2457,away,lose,1,2455,home,win,3,33,383902
2517035,2445,home,win,2,2482,away,lose,0,33,384952
2517022,2447,away,tie,1,2443,home,tie,1,32,384898
2517025,2975,away,lose,0,2460,home,win,3,32,378957
2517024,2445,away,win,1,2446,home,lose,0,32,383888
2517018,2444,home,win,4,2462,away,lose,1,32,383491
2517020,2457,home,tie,2,2481,away,tie,2,32,381840
2517021,2453,home,win,3,2463,away,lose,2,32,384973
2517023,2449,home,tie,1,2454,away,tie,1,32,385544
2517026,2450,away,win,3,2451,home,lose,1,32,378945
2517019,2482,home,win,3,2455,away,lose,1,32,379378
2517011,2449,away,tie,2,2463,home,tie,2,31,381840
2517014,2481,home,win,2,2460,away,lose,0,31,387273
2517009,2447,home,win,4,2446,away,lose,0,31,459927
2517010,2482,away,win,5,2975,home,lose,2,31,383888
2517013,2457,away,win,3,2462,home,lose,0,31,379444
2517015,2453,away,lose,0,2450,home,win,1,31,383336
2517016,2444,away,win,3,2455,home,lose,0,31,378970
2517017,2445,home,win,2,2443,away,lose,0,31,383902
2517012,2454,home,win,3,2451,away,lose,0,31,379359
2517006,2453,away,lose,0,2460,home,win,2,30,381835
2517003,2975,away,tie,1,2443,home,tie,1,30,383491
2517004,2447,away,lose,0,2449,home,win,2,30,384936
2517000,2444,home,win,5,2454,away,lose,1,30,387272
2517001,2482,home,win,2,2450,away,lose,0,30,385544
2517002,2457,home,win,2,2463,away,lose,1,30,383902
2517005,2462,away,lose,1,2446,home,win,4,30,384898
2517008,2445,home,tie,1,2455,away,tie,1,30,387276
2517007,2481,away,tie,0,2451,home,tie,0,30,379378
2516992,2975,home,lose,1,2446,away,win,4,29,384973
2516996,2482,away,tie,1,2462,home,tie,1,29,378945
2516991,2445,away,lose,0,2447,home,win,3,29,379378
2516998,2449,away,lose,2,2450,home,win,3,29,383491
2516993,2460,away,tie,1,2463,home,tie,1,29,383336
2516994,2453,home,lose,0,2451,away,win,2,29,379444
2516995,2457,away,lose,1,2454,home,win,2,29,387146
2516997,2444,away,win,4,2481,home,lose,1,29,459927
2516999,2455,home,win,2,2443,away,lose,1,29,383888
2516988,2454,away,tie,0,2460,home,tie,0,28,384936
2516985,2462,away,lose,1,2443,home,win,2,28,384952
2516984,2457,home,tie,0,2451,away,tie,0,28,384973
2516982,2444,home,win,6,2447,away,lose,0,28,378957
2516983,2482,home,win,6,2463,away,lose,0,28,383490
2516986,2453,away,lose,0,2449,home,win,2,28,379359
2516987,2481,away,tie,0,2446,home,tie,0,28,387273
2516989,2975,away,win,3,2455,home,lose,2,28,381835
2516990,2445,home,tie,1,2450,away,tie,1,28,384898
2516974,2444,away,lose,1,2975,home,win,2,27,381840
2516975,2446,away,lose,0,2463,home,win,2,27,385544
2516973,2447,home,win,1,2455,away,lose,0,27,379378
2516981,2449,away,win,1,2451,home,lose,0,27,383336
2516977,2482,away,tie,3,2454,home,tie,3,27,378970
2516978,2462,home,win,3,2460,away,lose,0,27,378945
2516979,2481,home,lose,1,2443,away,win,3,27,379444
2516980,2457,away,win,2,2450,home,lose,1,27,387272
2516976,2445,away,win,2,2453,home,lose,1,27,381858
2516968,2443,home,win,3,2463,away,lose,1,26,381858
2516965,2447,home,win,3,2462,away,lose,2,26,384973
2516972,2445,home,tie,0,2975,away,tie,0,26,379359
2516969,2446,home,win,2,2454,away,lose,0,26,383490
2516964,2444,home,win,6,2450,away,lose,0,26,383491
2516966,2482,home,win,3,2451,away,lose,0,26,384936
2516967,2457,home,tie,0,2453,away,tie,0,26,387276
2516971,2481,away,win,3,2455,home,lose,1,26,378957
2516970,2449,away,win,1,2460,home,lose,0,26,384898
2516957,2444,away,win,4,2453,home,lose,0,25,387273
2516956,2445,away,win,3,2463,home,lose,2,25,383902
2516955,2447,away,tie,1,2975,home,tie,1,25,384898
2516959,2457,away,lose,0,2449,home,win,1,25,379444
2516960,2462,home,win,1,2455,away,lose,0,25,381840
2516961,2482,away,win,2,2481,home,lose,0,25,379378
2516962,2450,home,tie,0,2460,away,tie,0,25,459927
2516963,2446,away,win,2,2451,home,lose,1,25,384952
2516958,2454,home,tie,2,2443,away,tie,2,25,383336
2516947,2447,home,tie,1,2481,away,tie,1,24,384936
2516948,2975,home,lose,1,2463,away,win,2,24,385544
2516951,2449,away,win,2,2446,home,lose,0,24,378945
2516950,2450,away,lose,0,2443,home,win,1,24,384952
2516946,2444,home,tie,0,2457,away,tie,0,24,381835
2516949,2482,home,tie,1,2453,away,tie,1,24,383491
2516953,2455,home,lose,0,2454,away,win,1,24,387272
2516954,2445,home,win,1,2462,away,lose,0,24,387146
2516952,2460,home,tie,1,2451,away,tie,1,24,378957
2516942,2975,away,lose,1,2462,home,win,2,23,384952
2516940,2447,away,win,1,2454,home,lose,0,23,378957
2516943,2445,away,win,1,2481,home,lose,0,23,379359
2516941,2482,away,lose,1,2449,home,win,2,23,381858
2516937,2455,away,tie,1,2463,home,tie,1,23,459927
2516939,2453,home,win,1,2443,away,lose,0,23,383490
2516944,2446,away,win,2,2450,home,lose,1,23,384898
2516945,2444,away,win,2,2451,home,lose,1,23,379444
2516938,2457,home,lose,0,2460,away,win,2,23,378970
2516932,2443,home,win,3,2451,away,lose,1,22,384973
2516936,2445,home,win,1,2454,away,lose,0,22,387273
2516928,2444,home,win,2,2449,away,lose,1,22,379359
2516929,2447,home,win,2,2450,away,lose,0,22,381840
2516931,2482,home,win,4,2460,away,lose,2,22,383336
2516933,2462,home,win,4,2463,away,lose,2,22,378945
2516934,2457,away,win,2,2446,home,lose,0,22,379378
2516935,2453,away,lose,1,2455,home,win,2,22,384936
2516930,2975,home,win,2,2481,away,lose,0,22,387276
2516925,2455,away,tie,1,2450,home,tie,1,21,379444
2516924,2481,home,win,3,2462,away,lose,0,21,385544
2516922,2975,away,win,1,2454,home,lose,0,21,379359
2516920,2482,away,tie,1,2457,home,tie,1,21,384973
2516921,2453,home,tie,0,2446,away,tie,0,21,
2516923,2449,home,lose,1,2443,away,win,2,21,381835
2516926,2444,away,win,2,2460,home,lose,0,21,383902
2516927,2445,away,tie,1,2451,home,tie,1,21,383490
2516919,2447,away,win,3,2463,home,lose,2,21,381858
2516917,2455,home,lose,0,2451,away,win,1,20,384898
2516916,2446,home,win,2,2460,away,lose,0,20,387273
2516914,2457,away,tie,0,2443,home,tie,0,20,378957
2516910,2444,home,win,5,2482,away,lose,2,20,384936
2516911,2447,home,tie,2,2453,away,tie,2,20,378945
2516912,2975,home,tie,1,2450,away,tie,1,20,
2516913,2481,away,tie,1,2463,home,tie,1,20,383491
2516918,2445,home,lose,0,2449,away,win,2,20,384952
2516915,2462,home,win,2,2454,away,lose,0,20,381840
2516906,2449,home,tie,1,2455,away,tie,1,19,378970
2516901,2444,home,win,4,2443,away,lose,2,19,387272
2516907,2450,home,lose,0,2463,away,win,2,19,381835
2516902,2482,home,lose,1,2446,away,win,4,19,379359
2516904,2975,away,lose,1,2453,home,win,2,19,381858
2516905,2481,away,lose,0,2454,home,win,2,19,387146
2516908,2445,away,lose,2,2460,home,win,3,19,385544
2516909,2462,away,win,3,2451,home,lose,1,19,459927
2516903,2447,away,tie,1,2457,home,tie,1,19,383491
2516892,2447,home,tie,0,2451,away,tie,0,18,379359
2516894,2454,away,lose,1,2463,home,win,2,18,384952
2516893,2975,home,win,3,2449,away,lose,1,18,384973
2516896,2453,away,tie,1,2462,home,tie,1,18,379444
2516895,2482,away,tie,1,2443,home,tie,1,18,383490
2516898,2481,home,win,1,2450,away,lose,0,18,384936
2516899,2455,home,win,3,2460,away,lose,2,18,378957
2516900,2445,home,win,1,2457,away,lose,0,18,384898
2516897,2444,away,win,3,2446,home,lose,1,18,378945
2516884,2457,away,win,3,2975,home,lose,2,17,387273
2516890,2455,home,tie,4,2446,away,tie,4,17,383902
2516883,2482,away,lose,1,2447,home,win,2,17,385544
2516888,2449,away,tie,2,2462,home,tie,2,17,387272
2516885,2451,away,lose,0,2463,home,win,1,17,381858
2516886,2443,home,tie,2,2460,away,tie,2,17,383336
2516889,2453,away,tie,3,2481,home,tie,3,17,383491
2516891,2444,away,win,1,2445,home,lose,0,17,379378
2516887,2454,home,win,3,2450,away,lose,1,17,459927
2516874,2444,home,win,1,2463,away,lose,0,16,378945
2516876,2457,home,win,3,2455,away,lose,1,16,383490
2516878,2481,away,lose,2,2449,home,win,3,16,387276
2516879,2446,home,win,1,2443,away,lose,0,16,379359
2516875,2445,away,lose,0,2482,home,win,1,16,387146
2516880,2462,away,win,2,2450,home,lose,1,16,384936
2516881,2447,away,win,2,2460,home,lose,0,16,381858
2516877,2453,home,win,1,2454,away,lose,0,16,384973
2516882,2975,away,tie,1,2451,home,tie,1,16,381835
2516870,2457,away,tie,1,2481,home,tie,1,15,378970
2516872,2482,away,lose,0,2455,home,win,2,15,459927
2516867,2453,away,win,4,2463,home,lose,3,15,387272
2516868,2449,away,tie,1,2454,home,tie,1,15,379444
2516865,2447,home,lose,1,2443,away,win,2,15,384936
2516866,2975,home,tie,2,2460,away,tie,2,15,379378
2516869,2444,away,win,1,2462,home,lose,0,15,385544
2516871,2450,home,tie,0,2451,away,tie,0,15,383491
2516873,2445,home,lose,0,2446,away,win,2,15,384973
2516864,2454,away,lose,0,2451,home,win,3,14,383336
2516858,2457,home,lose,1,2462,away,win,2,14,383902
2516861,2449,home,tie,2,2463,away,tie,2,14,379359
2516856,2444,home,win,3,2455,away,lose,1,14,381835
2516857,2482,home,win,4,2975,away,lose,0,14,378945
2516860,2445,away,lose,0,2443,home,win,1,14,378957
2516862,2447,away,tie,1,2446,home,tie,1,14,383490
2516863,2481,away,win,3,2460,home,lose,1,14,387273
2516859,2453,home,tie,0,2450,away,tie,0,14,381858
2516849,2457,away,win,2,2463,home,lose,0,13,387146
2516854,2482,away,lose,0,2450,home,win,3,13,378957
2516851,2444,away,lose,1,2454,home,win,2,13,384936
2516847,2447,home,tie,4,2449,away,tie,4,13,384973
2516848,2975,home,win,2,2443,away,lose,0,13,379444
2516850,2453,home,win,2,2460,away,lose,1,13,378945
2516853,2481,home,win,2,2451,away,lose,1,13,379359
2516852,2462,home,lose,0,2446,away,win,1,13,379378
2516855,2445,away,tie,1,2455,home,tie,1,13,383491
2516841,2455,away,lose,0,2443,home,win,4,12,383336
2516842,2449,home,win,2,2450,away,lose,0,12,383490
2516840,2457,home,lose,2,2454,away,win,4,12,378957
2516838,2444,home,win,3,2481,away,lose,0,12,459927
2516839,2482,home,tie,1,2462,away,tie,1,12,384952
2516843,2975,away,tie,2,2446,home,tie,2,12,385544
2516844,2460,home,win,1,2463,away,lose,0,12,384898
2516845,2453,away,lose,1,2451,home,win,3,12,384936
2516846,2445,home,win,2,2447,away,lose,1,12,387273
2516837,2457,away,tie,3,2451,home,tie,3,11,387272
2516831,2482,away,win,3,2463,home,lose,0,11,384973
2516829,2444,away,win,3,2447,home,lose,1,11,379359
2516830,2975,home,win,2,2455,away,lose,1,11,378970
2516832,2453,home,lose,0,2449,away,win,1,11,384898
2516833,2454,home,tie,1,2460,away,tie,1,11,387276
2516835,2481,home,tie,1,2446,away,tie,1,11,383491
2516836,2445,away,lose,1,2450,home,win,3,11,381835
2516834,2462,home,win,2,2443,away,lose,1,11,381858
2516828,2445,home,win,3,2453,away,lose,0,10,379359
2516823,2481,away,win,3,2443,home,lose,0,10,383902
2516820,2444,home,win,2,2975,away,lose,0,10,378945
2516821,2482,home,lose,1,2454,away,win,3,10,385544
2516822,2457,home,win,2,2450,away,lose,1,10,384898
2516824,2449,home,tie,1,2451,away,tie,1,10,459927
2516825,2446,home,win,2,2463,away,lose,1,10,384936
2516827,2447,away,lose,2,2455,home,win,4,10,379378
2516826,2462,away,tie,1,2460,home,tie,1,10,379444
2516819,2482,away,tie,1,2451,home,tie,1,9,384952
2516813,2457,away,tie,1,2453,home,tie,1,9,381835
2516812,2443,away,tie,0,2463,home,tie,0,9,387272
2516818,2444,away,win,1,2450,home,lose,0,9,381840
2516811,2445,away,lose,0,2975,home,win,1,9,387276
2516814,2446,away,win,5,2454,home,lose,1,9,378957
2516816,2447,away,tie,2,2462,home,tie,2,9,383490
2516817,2481,home,lose,1,2455,away,win,2,9,379444
2516815,2449,home,win,2,2460,away,lose,0,9,387146
2516806,2454,away,win,2,2443,home,lose,0,8,459927
2516807,2446,home,tie,2,2451,away,tie,2,8,379378
2516803,2447,home,lose,2,2975,away,win,3,8,384973
2516802,2444,home,win,5,2453,away,lose,0,8,387273
2516804,2482,home,tie,2,2481,away,tie,2,8,384936
2516805,2457,home,lose,0,2449,away,win,2,8,381858
2516808,2450,away,lose,2,2460,home,win,3,8,384898
2516809,2462,away,win,2,2455,home,lose,1,8,378957
2516810,2445,home,win,2,2463,away,lose,1,8,383336
2516793,2975,away,win,2,2463,home,lose,1,7,384952
2516794,2444,away,tie,2,2457,home,tie,2,7,385544
2516795,2482,away,lose,2,2453,home,win,3,7,378945
2516800,2450,home,tie,0,2443,away,tie,0,7,384973
2516796,2455,away,lose,1,2454,home,win,2,7,383491
2516798,2445,away,lose,1,2462,home,win,2,7,384898
2516799,2447,away,win,2,2481,home,lose,1,7,381840
2516801,2460,away,tie,1,2451,home,tie,1,7,383490
2516797,2449,home,tie,1,2446,away,tie,1,7,381835
2516789,2446,home,win,3,2450,away,lose,0,6,387272
2516791,2455,home,tie,0,2463,away,tie,0,6,378945
2516785,2447,home,win,6,2454,away,lose,1,6,384936
2516786,2975,home,win,2,2462,away,lose,1,6,381858
2516787,2482,home,win,2,2449,away,lose,0,6,379444
2516788,2453,away,tie,0,2443,home,tie,0,6,383490
2516790,2457,away,lose,0,2460,home,win,1,6,379359
2516792,2445,home,tie,0,2481,away,tie,0,6,385544
2516784,2444,home,tie,2,2451,away,tie,2,6,383491
2516776,2457,home,win,2,2446,away,lose,1,5,384973
2516777,2453,home,tie,1,2455,away,tie,1,5,379359
2516781,2447,away,win,3,2450,home,lose,0,5,384952
2516782,2482,away,win,3,2460,home,lose,2,5,384936
2516775,2462,away,win,1,2463,home,lose,0,5,378970
2516779,2444,away,win,3,2449,home,lose,0,5,381840
2516780,2975,away,lose,0,2481,home,win,1,5,378945
2516783,2443,away,tie,1,2451,home,tie,1,5,384898
2516778,2445,away,lose,0,2454,home,win,2,5,383902
2516767,2447,home,win,5,2463,away,lose,0,4,379378
2516772,2453,away,lose,0,2446,home,win,4,4,387276
2516769,2482,home,tie,1,2457,away,tie,1,4,459927
2516768,2975,home,tie,2,2454,away,tie,2,4,381840
2516766,2444,home,win,4,2460,away,lose,0,4,379444
2516770,2449,away,win,2,2443,home,lose,1,4,381858
2516771,2481,away,win,2,2462,home,lose,1,4,383491
2516774,2445,home,win,1,2451,away,lose,0,4,381835
2516773,2455,home,win,2,2450,away,lose,0,4,383490
2516761,2445,away,lose,1,2449,home,win,3,3,387273
2516758,2457,home,tie,1,2443,away,tie,1,3,387146
2516757,2444,away,lose,0,2482,home,win,2,3,378945
2516759,2447,away,tie,0,2453,home,tie,0,3,383336
2516760,2462,away,win,1,2454,home,lose,0,3,387272
2516762,2481,home,win,3,2463,away,lose,0,3,379359
2516764,2446,away,lose,1,2460,home,win,3,3,459927
2516765,2455,away,tie,1,2451,home,tie,1,3,384952
2516763,2975,away,win,2,2450,home,lose,0,3,384973
2516755,2449,away,lose,0,2455,home,win,1,2,379378
2516749,2975,home,win,4,2453,away,lose,1,2,383491
2516748,2447,home,win,2,2457,away,lose,0,2,381840
2516751,2444,away,win,2,2443,home,lose,0,2,378957
2516752,2462,home,lose,0,2451,away,win,1,2,383336
2516753,2482,away,tie,2,2446,home,tie,2,2,385544
2516754,2481,home,tie,2,2454,away,tie,2,2,379444
2516756,2445,home,win,1,2460,away,lose,0,2,381858
2516750,2450,away,win,3,2463,home,lose,1,2,383902
2516743,2454,home,win,1,2463,away,lose,0,1,384973
2516742,2453,home,tie,0,2462,away,tie,0,1,384936
2516744,2975,away,lose,0,2449,home,win,2,1,384952
2516740,2482,home,win,1,2443,away,lose,0,1,381835
2516741,2445,away,lose,0,2457,home,win,2,1,379444
2516745,2481,away,lose,0,2450,home,win,1,1,378945
2516746,2455,away,win,1,2460,home,lose,0,1,384898
2516747,2447,away,win,3,2451,home,lose,0,1,383490
2516739,2444,home,win,3,2446,away,lose,1,1,379359
2565922,676,home,win,1,687,away,lose,0,38,398931
2565925,679,home,tie,2,701,away,tie,2,38,395056
2565919,691,away,win,1,678,home,lose,0,38,384957
2565924,674,home,win,2,677,away,lose,1,38,398913
2565927,675,away,tie,2,682,home,tie,2,38,395085
2565920,696,away,lose,0,680,home,win,1,38,379388
2565921,698,away,win,1,683,home,lose,0,38,398919
2565923,714,home,lose,1,756,away,win,2,38,381854
2565926,684,away,lose,2,712,home,win,3,38,381927
2565918,692,home,win,4,695,away,lose,2,38,395078
2565917,676,away,lose,4,695,home,win,5,37,420995
2565910,691,home,win,4,683,away,lose,1,37,378994
2565912,675,home,win,6,692,away,lose,0,37,398923
2565908,674,away,win,1,756,home,lose,0,37,385473
2565909,678,away,lose,1,696,home,win,3,37,384961
2565911,677,home,lose,2,682,away,win,4,37,378950
2565913,679,away,win,1,698,home,lose,0,37,398945
2565914,680,away,tie,2,684,home,tie,2,37,395056
2565915,701,home,win,1,714,away,lose,0,37,384946
2565916,687,home,win,3,712,away,lose,2,37,398913
2565882,675,away,lose,2,680,home,win,3,34,384946
2565884,676,home,win,5,682,away,lose,1,34,395085
2565900,712,home,lose,0,695,away,win,3,36,395085
2565907,676,home,tie,2,675,away,tie,2,36,378950
2565898,698,away,win,1,714,home,lose,0,36,384923
2565899,679,home,lose,0,691,away,win,2,36,398931
2565906,696,away,win,3,683,home,lose,0,36,395062
2565901,674,away,lose,0,682,home,win,1,36,381927
2565902,677,away,tie,1,692,home,tie,1,36,379388
2565903,678,home,win,2,684,away,lose,0,36,
2565904,701,away,win,4,756,home,lose,1,36,398919
2565905,687,away,lose,0,680,home,win,1,36,381854
2565893,683,away,lose,1,684,home,win,2,35,379388
2565889,676,away,win,4,677,home,lose,2,35,395078
2565890,701,away,tie,0,674,home,tie,0,35,381854
2565896,679,away,win,1,696,home,lose,0,35,384957
2565892,698,home,tie,1,756,away,tie,1,35,378950
2565888,682,home,win,4,692,away,lose,1,35,398945
2565891,675,home,win,2,712,away,lose,1,35,385473
2565894,687,home,win,3,678,away,lose,1,35,395085
2565897,691,home,tie,1,714,away,tie,1,35,398923
2565895,680,away,lose,1,695,home,win,2,35,395062
2565879,678,home,lose,1,695,away,win,3,34,398931
2565886,679,home,tie,0,684,away,tie,0,34,378994
2565885,696,away,win,4,714,home,lose,0,34,420995
2565883,687,away,lose,0,683,home,win,2,34,384961
2565880,691,away,win,2,756,home,lose,0,34,398945
2565878,674,away,tie,1,692,home,tie,1,34,384923
2565881,701,home,lose,0,698,away,win,1,34,385473
2565887,677,away,tie,0,712,home,tie,0,34,395056
2565869,683,away,lose,0,695,home,win,1,33,381854
2565877,714,away,lose,0,684,home,win,1,33,395085
2565868,687,home,win,3,679,away,lose,0,33,398945
2565870,696,home,lose,1,756,away,win,2,33,398923
2565876,678,away,tie,1,675,home,tie,1,33,563351
2565871,701,away,win,1,691,home,lose,0,33,378950
2565875,674,home,lose,1,698,away,win,2,33,395078
2565872,682,home,win,2,712,away,lose,1,33,398919
2565874,676,away,tie,2,692,home,tie,2,33,384957
2565873,677,home,tie,0,680,away,tie,0,33,398913
2565867,675,away,win,2,683,home,lose,1,32,395078
2565862,691,away,lose,0,698,home,win,1,32,420995
2565860,679,home,win,3,695,away,lose,0,32,381927
2565865,701,home,lose,0,696,away,win,1,32,384923
2565863,678,home,lose,2,677,away,win,3,32,395062
2565859,687,away,win,1,714,home,lose,0,32,395056
2565861,712,home,win,1,692,away,lose,0,32,378950
2565858,676,home,win,2,674,away,lose,1,32,379388
2565866,682,away,tie,2,680,home,tie,2,32,398923
2565864,756,home,lose,0,684,away,win,1,32,381854
2565848,678,away,win,3,682,home,lose,1,31,385473
2565851,691,away,lose,0,674,home,win,1,31,381927
2565854,687,home,win,5,756,away,lose,0,31,398931
2565852,679,away,tie,1,675,home,tie,1,31,384961
2565855,714,away,lose,1,695,home,win,2,31,384957
2565856,676,home,win,3,712,away,lose,1,31,395078
2565853,701,away,lose,0,684,home,win,2,31,398913
2565850,680,away,lose,0,692,home,win,4,31,395056
2565857,696,home,win,2,698,away,lose,0,31,381854
2565849,677,home,win,3,683,away,lose,2,31,384946
2565841,698,home,lose,0,684,away,win,1,30,384923
2565839,679,home,win,1,677,away,lose,0,30,398919
2565844,687,away,tie,0,701,home,tie,0,30,395085
2565846,682,away,lose,0,683,home,win,1,30,395056
2565840,674,away,win,1,712,home,lose,0,30,420995
2565838,691,home,tie,0,696,away,tie,0,30,385473
2565845,676,away,tie,2,680,home,tie,2,30,395062
2565847,675,away,win,3,714,home,lose,0,30,398923
2565842,678,home,tie,1,692,away,tie,1,30,379388
2565843,756,home,tie,1,695,away,tie,1,30,395078
2565836,675,home,win,6,756,away,lose,3,29,381927
2565832,679,away,lose,1,682,home,win,2,29,384957
2565834,683,away,tie,0,692,home,tie,0,29,384923
2565830,676,home,win,2,678,away,lose,0,29,381854
2565831,680,away,lose,1,712,home,win,2,29,398945
2565837,691,away,lose,0,684,home,win,3,29,395078
2565828,687,home,lose,1,698,away,win,2,29,384961
2565835,674,home,win,3,696,away,lose,1,29,398931
2565833,677,home,tie,1,714,away,tie,1,29,395458
2565829,701,away,lose,1,695,home,win,2,29,385473
2565822,696,home,lose,1,684,away,win,3,28,379388
2565826,678,home,win,2,712,away,lose,0,28,395085
2565821,682,away,win,2,714,home,lose,0,28,398913
2565824,679,home,win,3,692,away,lose,0,28,398945
2565823,687,away,lose,1,691,home,win,2,28,384946
2565820,676,away,win,2,683,home,lose,0,28,378994
2565825,698,home,lose,0,695,away,win,1,28,398919
2565819,674,away,win,2,680,home,lose,0,28,395078
2565818,701,home,lose,1,675,away,win,2,28,398931
2565827,677,away,lose,0,756,home,win,2,28,384923
2565813,714,away,lose,1,692,home,win,2,27,395078
2565811,674,home,win,2,684,away,lose,0,27,378950
2565815,687,home,win,2,696,away,lose,1,27,378994
2565817,676,home,win,1,679,away,lose,0,27,381927
2565816,691,away,tie,1,695,home,tie,1,27,398945
2565812,675,home,win,3,698,away,lose,1,27,420995
2565808,683,away,lose,0,712,home,win,2,27,385473
2565810,701,away,tie,1,677,home,tie,1,27,381854
2565814,678,away,lose,0,680,home,win,2,27,384923
2565809,682,home,lose,0,756,away,win,2,27,460924
2565798,696,home,win,1,695,away,lose,0,26,384957
2565807,676,away,tie,1,714,home,tie,1,26,384946
2565804,687,away,tie,0,684,home,tie,0,26,395062
2565800,679,home,win,4,712,away,lose,0,26,384961
2565805,701,home,win,1,682,away,lose,0,26,420995
2565801,677,away,lose,0,698,home,win,3,26,398931
2565802,678,home,tie,1,674,away,tie,1,26,381927
2565806,680,away,win,1,683,home,lose,0,26,379388
2565803,756,home,win,1,692,away,lose,0,26,398919
2565799,691,home,win,1,675,away,lose,0,26,395085
2565790,684,away,win,2,695,home,lose,0,25,
2565789,679,away,win,5,680,home,lose,2,25,378994
2565795,687,away,lose,1,674,home,win,2,25,398923
2565788,678,home,win,2,683,away,lose,1,25,378950
2565793,682,home,win,1,698,away,lose,0,25,395085
2565791,676,home,win,6,756,away,lose,1,25,398945
2565792,714,away,tie,0,712,home,tie,0,25,381854
2565796,675,home,win,4,696,away,lose,0,25,384961
2565797,701,away,lose,0,692,home,win,2,25,379388
2565794,691,away,tie,0,677,home,tie,0,25,384957
2565707,675,away,win,3,712,home,lose,1,16,395062
2565778,698,home,win,3,692,away,lose,0,24,398923
2565780,675,away,win,5,684,home,lose,3,24,381927
2565786,691,home,tie,1,682,away,tie,1,24,398931
2565787,679,home,win,2,678,away,lose,0,24,395062
2565783,687,home,win,3,695,away,lose,0,24,381854
2565782,674,away,win,2,683,home,lose,1,24,398919
2565785,677,away,lose,0,696,home,win,1,24,420995
2565781,676,away,win,2,701,home,lose,0,24,378950
2565784,680,away,win,2,714,home,lose,1,24,385473
2565779,756,home,win,3,712,away,lose,0,24,384946
2565770,677,home,lose,0,684,away,win,1,23,379388
2565771,674,home,win,3,695,away,lose,1,23,398913
2565773,691,away,tie,2,692,home,tie,2,23,395062
2565777,676,home,tie,0,698,away,tie,0,23,384957
2565775,680,home,win,1,756,away,lose,0,23,381854
2565772,687,away,lose,2,675,home,win,5,23,378950
2565768,701,away,win,1,712,home,lose,0,23,398923
2565776,679,away,win,1,683,home,lose,0,23,395085
2565769,682,home,lose,1,696,away,win,2,23,398919
2565774,678,home,tie,0,714,away,tie,0,23,384961
2565767,683,away,lose,0,714,home,win,1,22,395078
2565760,679,home,win,1,674,away,lose,0,22,385473
2565762,678,away,lose,0,756,home,win,2,22,398931
2565759,676,away,tie,1,691,home,tie,1,22,381927
2565761,698,home,tie,0,712,away,tie,0,22,395056
2565766,675,away,tie,2,695,home,tie,2,22,420995
2565758,696,home,win,2,692,away,lose,1,22,378994
2565763,682,away,lose,1,684,home,win,2,22,398945
2565764,701,home,win,5,680,away,lose,1,22,398919
2565765,687,home,win,5,677,away,lose,0,22,384923
2565750,684,away,lose,2,692,home,win,3,21,395085
2565754,676,home,win,2,696,away,lose,1,21,385473
2565752,680,home,tie,1,698,away,tie,1,21,398945
2565755,679,home,win,3,714,away,lose,0,21,395069
2565756,691,away,lose,2,712,home,win,3,21,378994
2565757,687,away,lose,2,682,home,win,4,21,379388
2565753,683,home,tie,0,756,away,tie,0,21,
2565749,674,home,lose,1,675,away,win,4,21,384961
2565748,677,home,tie,2,695,away,tie,2,21,398923
2565751,701,away,tie,1,678,home,tie,1,21,420995
2565741,701,home,tie,1,683,away,tie,1,20,398913
2565740,676,away,win,5,684,home,lose,0,20,
2565742,687,home,lose,1,692,away,win,2,20,384946
2565738,677,away,lose,1,675,home,win,7,20,384957
2565746,696,home,tie,2,712,away,tie,2,20,398919
2565744,674,away,lose,1,714,home,win,2,20,398931
2565745,682,home,win,2,695,away,lose,1,20,395062
2565743,679,home,tie,1,756,away,tie,1,20,395078
2565747,691,home,lose,0,680,away,win,3,20,
2565739,678,away,tie,2,698,home,tie,2,20,381927
2565735,684,home,win,3,712,away,lose,2,19,385473
2565737,676,away,win,4,687,home,lose,2,19,395062
2565730,691,home,tie,1,678,away,tie,1,19,398919
2565729,696,home,win,1,680,away,lose,0,19,395085
2565731,692,away,win,1,695,home,lose,0,19,395056
2565732,674,away,win,2,677,home,lose,1,19,398945
2565736,679,away,win,1,701,home,lose,0,19,384946
2565733,675,home,lose,0,682,away,win,1,19,384923
2565728,714,away,lose,0,756,home,win,6,19,420995
2565734,698,home,win,1,683,away,lose,0,19,378994
2565726,691,away,win,1,683,home,lose,0,18,384946
2565723,675,away,tie,2,692,home,tie,2,18,381854
2565720,677,away,tie,1,682,home,tie,1,18,398913
2565724,678,home,win,2,696,away,lose,0,18,378113
2565718,676,home,win,3,695,away,lose,0,18,379388
2565721,687,away,lose,0,712,home,win,1,18,384961
2565725,680,home,lose,3,684,away,win,5,18,381927
2565719,701,away,win,2,714,home,lose,1,18,
2565722,674,home,win,2,756,away,lose,1,18,384957
2565727,679,home,win,2,698,away,lose,0,18,398931
2565709,677,home,lose,1,692,away,win,3,17,384923
2565710,674,home,lose,0,682,away,win,1,17,398919
2565711,676,away,win,3,675,home,lose,0,17,395085
2565717,679,away,lose,0,691,home,win,1,17,420995
2565713,678,away,win,2,684,home,lose,0,17,378994
2565716,696,home,win,1,683,away,lose,0,17,395056
2565714,701,home,win,4,756,away,lose,1,17,385473
2565715,687,home,win,3,680,away,lose,1,17,378950
2565712,698,home,win,2,714,away,lose,0,17,395078
2565708,712,away,tie,0,695,home,tie,0,17,381854
2565702,683,home,lose,0,684,away,win,2,16,398945
2565704,676,home,win,4,677,away,lose,0,16,384946
2565705,691,away,tie,2,714,home,tie,2,16,395085
2565699,682,away,win,1,692,home,lose,0,16,384961
2565706,698,away,lose,0,756,home,win,1,16,384923
2565703,679,home,win,1,696,away,lose,0,16,381927
2565698,701,home,win,2,674,away,lose,1,16,398923
2565700,687,away,tie,0,678,home,tie,0,16,384957
2565701,680,home,tie,0,695,away,tie,0,16,385473
2565690,691,home,lose,0,756,away,win,1,15,395062
2565692,676,away,win,2,682,home,lose,0,15,395078
2565691,678,away,win,2,695,home,lose,1,15,384961
2565697,679,away,win,1,684,home,lose,0,15,378950
2565688,687,home,lose,0,683,away,win,2,15,379388
2565694,674,home,win,2,692,away,lose,1,15,398931
2565693,677,home,win,1,712,away,lose,0,15,420995
2565695,675,home,win,5,680,away,lose,0,15,378994
2565696,701,away,tie,0,698,home,tie,0,15,398945
2565689,696,home,win,2,714,away,lose,0,15,398913
2565683,696,away,win,3,756,home,lose,2,14,398945
2565682,714,home,win,1,684,away,lose,0,14,384961
2565686,701,home,win,3,691,away,lose,1,14,384923
2565684,674,away,lose,0,698,home,win,1,14,398913
2565685,682,away,lose,1,712,home,win,3,14,384957
2565687,678,home,tie,0,675,away,tie,0,14,384946
2565678,677,away,lose,0,680,home,win,2,14,395085
2565680,687,away,lose,1,679,home,win,2,14,381854
2565681,676,home,tie,2,692,away,tie,2,14,420995
2565679,683,home,tie,0,695,away,tie,0,14,395078
2565668,691,home,win,1,698,away,lose,0,13,378994
2565672,676,away,tie,1,674,home,tie,1,13,385473
2565670,682,home,lose,2,680,away,win,3,13,398945
2565675,687,home,tie,2,714,away,tie,2,13,398923
2565671,678,away,tie,2,677,home,tie,2,13,395062
2565669,679,away,win,5,695,home,lose,0,13,398919
2565674,756,away,tie,2,684,home,tie,2,13,379388
2565673,675,home,win,3,683,away,lose,2,13,381927
2565677,701,away,win,2,696,home,lose,1,13,398931
2565676,712,away,lose,0,692,home,win,1,13,378950
2565659,701,home,win,5,684,away,lose,0,12,395062
2565660,678,home,tie,1,682,away,tie,1,12,398913
2565665,714,home,lose,0,695,away,win,2,12,420995
2565663,691,home,lose,0,674,away,win,2,12,378950
2565662,677,away,lose,2,683,home,win,3,12,378994
2565664,679,home,tie,0,675,away,tie,0,12,384957
2565661,680,home,win,2,692,away,lose,1,12,379388
2565658,676,away,win,3,712,home,lose,0,12,384923
2565667,696,away,lose,1,698,home,win,4,12,381854
2565666,687,away,tie,1,756,home,tie,1,12,385473
2565657,675,home,win,3,714,away,lose,0,11,395085
2565649,687,home,win,3,701,away,lose,1,11,398919
2565654,682,home,win,2,683,away,lose,0,11,384961
2565650,678,away,lose,1,692,home,win,3,11,381927
2565652,756,away,win,2,695,home,lose,1,11,398931
2565653,676,home,win,2,680,away,lose,1,11,395062
2565651,691,away,lose,0,696,home,win,1,11,398923
2565655,679,away,win,1,677,home,lose,0,11,395056
2565656,674,home,win,3,712,away,lose,0,11,395078
2565648,698,away,tie,2,684,home,tie,2,11,384946
2565641,691,home,win,1,684,away,lose,0,10,385473
2565643,677,away,win,3,714,home,lose,1,10,379388
2565640,683,home,win,2,692,away,lose,1,10,381854
2565646,701,home,tie,2,695,away,tie,2,10,398945
2565644,675,away,lose,1,756,home,win,2,10,378950
2565645,687,away,lose,1,698,home,win,2,10,395085
2565639,680,home,win,2,712,away,lose,1,10,398913
2565647,676,away,win,2,678,home,lose,0,10,378994
2565642,679,home,tie,1,682,away,tie,1,10,384923
2565638,674,away,win,2,696,home,lose,1,10,395062
2565631,677,home,lose,1,756,away,win,2,9,381927
2565636,687,home,tie,1,691,away,tie,1,9,420995
2565633,701,away,lose,0,675,home,win,3,9,395056
2565635,678,away,lose,0,712,home,win,1,9,384946
2565637,679,away,win,1,692,home,lose,0,9,398931
2565630,682,home,win,4,714,away,lose,0,9,384957
2565629,676,home,win,2,683,away,lose,0,9,398923
2565632,674,home,win,4,680,away,lose,0,9,384961
2565634,696,away,lose,0,684,home,win,2,9,398919
2565628,698,away,tie,1,695,home,tie,1,9,395078
2565627,714,home,lose,2,692,away,win,5,8,398913
2565620,674,away,win,6,684,home,lose,3,8,395085
2565624,683,home,lose,0,712,away,win,2,8,395062
2565618,682,away,win,2,756,home,lose,1,8,379388
2565621,701,home,tie,0,677,away,tie,0,8,381854
2565626,676,away,tie,1,679,home,tie,1,8,384946
2565623,687,away,win,2,696,home,lose,0,8,398945
2565619,675,away,win,2,698,home,lose,1,8,378994
2565622,678,home,win,1,680,away,lose,0,8,385473
2565625,691,home,tie,0,695,away,tie,0,8,384923
2565609,691,away,lose,0,675,home,win,2,7,395062
2565608,678,away,lose,2,674,home,win,3,7,378950
2565616,701,away,lose,0,682,home,win,3,7,420995
2565615,676,home,win,3,714,away,lose,0,7,398931
2565611,687,home,tie,4,684,away,tie,4,7,395056
2565610,679,away,tie,0,712,home,tie,0,7,381927
2565614,696,away,win,2,695,home,lose,0,7,384957
2565613,680,home,win,2,683,away,lose,0,7,398919
2565617,677,home,win,2,698,away,lose,1,7,384961
2565612,756,away,tie,3,692,home,tie,3,7,398923
2565605,684,home,win,4,695,away,lose,0,6,398923
2565607,687,home,lose,2,674,away,win,3,6,381854
2565602,714,home,lose,0,712,away,win,2,6,398945
2565606,701,home,lose,0,692,away,win,4,6,384957
2565604,682,away,lose,0,698,home,win,4,6,385473
2565600,691,home,win,4,677,away,lose,1,6,395078
2565603,676,away,win,3,756,home,lose,0,6,395085
2565599,678,away,tie,3,683,home,tie,3,6,379388
2565598,675,away,win,2,696,home,lose,1,6,384923
2565601,679,home,win,2,680,away,lose,0,6,378994
2565591,687,away,lose,0,695,home,win,3,5,381927
2565588,698,away,tie,1,692,home,tie,1,5,398919
2565593,691,away,tie,0,682,home,tie,0,5,398931
2565590,680,home,win,1,714,away,lose,0,5,395062
2565596,675,home,lose,0,684,away,win,1,5,384946
2565594,677,home,win,1,696,away,lose,0,5,398913
2565589,679,away,win,2,678,home,lose,1,5,384961
2565597,756,away,tie,0,712,home,tie,0,5,420995
2565592,676,home,win,6,701,away,lose,1,5,378950
2565595,674,home,win,5,683,away,lose,0,5,395056
2565585,691,home,win,2,692,away,lose,1,4,398945
2565583,687,home,lose,1,675,away,win,3,4,385473
2565578,678,away,lose,0,714,home,win,1,4,398923
2565579,680,away,win,1,756,home,lose,0,4,395078
2565584,682,away,win,3,696,home,lose,0,4,381854
2565586,679,home,win,1,683,away,lose,0,4,395085
2565581,677,away,lose,1,684,home,win,2,4,384923
2565580,676,away,win,2,698,home,lose,1,4,384957
2565587,674,away,tie,1,695,home,tie,1,4,379388
2565582,701,home,win,1,712,away,lose,0,4,378994
2565576,683,home,lose,1,714,away,win,3,3,384961
2565568,682,home,win,3,684,away,lose,1,3,398913
2565573,696,away,lose,0,692,home,win,1,3,420995
2565574,678,home,win,2,756,away,lose,0,3,398919
2565569,687,away,win,4,677,home,lose,2,3,398931
2565577,676,home,win,5,691,away,lose,0,3,381927
2565575,701,away,lose,0,680,home,win,3,3,384946
2565570,679,away,tie,0,674,home,tie,0,3,395062
2565571,675,home,tie,1,695,away,tie,1,3,378950
2565572,698,away,win,2,712,home,lose,1,3,395056
2565564,674,away,tie,2,675,home,tie,2,2,384957
2565565,680,away,win,1,698,home,lose,0,2,384923
2565560,691,home,lose,0,712,away,win,1,2,398923
2565567,701,home,lose,0,678,away,win,1,2,395085
2565562,679,away,win,5,714,home,lose,1,2,385473
2565561,677,away,tie,2,695,home,tie,2,2,398945
2565563,683,away,lose,0,756,home,win,1,2,381854
2565559,676,away,win,2,696,home,lose,0,2,379388
2565566,684,home,win,2,692,away,lose,1,2,395078
2565558,687,home,win,3,682,away,lose,0,2,384961
2565553,701,away,win,1,683,home,lose,0,1,398913
2565548,682,away,lose,0,695,home,win,1,1,395056
2565555,677,home,lose,0,675,away,win,3,1,395062
2565554,676,home,win,2,684,away,lose,0,1,398919
2565550,678,home,tie,0,698,away,tie,0,1,420995
2565552,691,away,tie,1,680,home,tie,1,1,378950
2565551,679,away,tie,2,756,home,tie,2,1,378994
2565549,687,away,win,3,692,home,lose,2,1,384946
2565556,674,home,win,1,714,away,lose,0,1,381927
2565557,696,away,lose,0,712,home,win,1,1,398931
2501056,3783,home,tie,0,3767,away,tie,0,38,384954
2501057,3804,home,win,2,3799,away,lose,1,38,385496
2501058,3766,home,win,3,3775,away,lose,2,38,386297
2501059,3771,home,win,2,3789,away,lose,1,38,385529
2501060,3772,away,win,4,3777,home,lose,0,38,385796
2501061,3779,away,lose,0,3770,home,win,1,38,384953
2501062,3787,away,tie,1,3774,home,tie,1,38,386325
2501063,3782,home,win,5,3776,away,lose,0,38,385528
2501064,3780,home,win,2,3785,away,lose,1,38,381847
2501065,3795,home,lose,0,19830,away,win,3,38,384931
2501046,3789,home,win,2,3777,away,lose,0,37,385483
2501047,3799,home,lose,0,3770,away,win,2,37,378948
2501048,3772,home,win,4,3780,away,lose,2,37,384953
2501050,3804,away,lose,1,3776,home,win,2,37,381848
2501051,3782,away,lose,0,19830,home,win,1,37,386297
2501052,3787,home,tie,1,3795,away,tie,1,37,385528
2501053,3783,away,lose,1,3775,home,win,4,37,381843
2501054,3767,home,lose,0,3774,away,win,2,37,385529
2501055,3766,away,lose,2,3779,home,win,3,37,384931
2501049,3771,away,tie,3,3785,home,tie,3,37,378976
2501040,3775,away,lose,1,3771,home,win,2,36,384954
2501037,3783,home,lose,1,19830,away,win,2,36,384953
2501038,3804,home,win,3,3785,away,lose,1,36,386325
2501041,3799,away,win,2,3777,home,lose,1,36,385481
2501042,3770,home,lose,0,3787,away,win,2,36,381843
2501043,3779,away,lose,1,3774,home,win,2,36,378948
2501045,3776,away,win,3,3780,home,lose,2,36,384931
2501039,3766,home,win,3,3795,away,lose,0,36,381848
2501044,3772,away,win,3,3782,home,lose,1,36,379381
2501036,3767,away,tie,2,3789,home,tie,2,36,385796
2501032,3767,home,tie,2,3785,away,tie,2,35,379381
2501026,3799,home,tie,1,3771,away,tie,1,35,381848
2501033,3774,home,win,2,3780,away,lose,1,35,385484
2501027,3804,away,lose,1,3772,home,win,3,35,385483
2501028,3777,away,lose,1,3776,home,win,3,35,385528
2501030,3789,away,tie,0,19830,home,tie,0,35,381847
2501034,3775,away,tie,1,3779,home,tie,1,35,378976
2501035,3783,away,lose,1,3795,home,win,3,35,385796
2501029,3766,home,win,2,3770,away,lose,0,35,384954
2501031,3787,home,lose,0,3782,away,win,1,35,385496
2501007,3783,home,tie,0,3780,away,tie,0,33,378948
2501017,3767,away,win,1,3772,home,lose,0,34,384954
2501024,3782,home,win,2,3795,away,lose,1,34,385484
2501023,3775,home,win,1,3787,away,lose,0,34,384953
2501016,3789,home,win,3,3779,away,lose,1,34,385481
2501019,3785,home,win,3,19830,away,lose,1,34,378948
2501021,3783,away,tie,1,3777,home,tie,1,34,386325
2501025,3799,away,lose,0,3780,home,win,2,34,385529
2501020,3771,home,win,5,3776,away,lose,1,34,378976
2501018,3804,home,lose,2,3766,away,win,5,34,381843
2501022,3770,home,tie,1,3774,away,tie,1,34,386297
2501012,3767,home,win,7,19830,away,lose,1,33,384953
2501015,3771,away,win,3,3795,home,lose,2,33,379381
2501010,3772,away,win,3,3787,home,lose,1,33,386325
2501008,3776,home,tie,2,3785,away,tie,2,33,386297
2501011,3804,away,tie,1,3770,home,tie,1,33,385481
2501013,3777,away,win,2,3774,home,lose,1,33,385796
2501014,3779,home,lose,0,3782,away,win,1,33,381847
2501009,3766,home,win,3,3789,away,lose,0,33,385483
2501006,3799,home,tie,1,3775,away,tie,1,33,384931
2501000,3771,home,tie,0,3787,away,tie,0,32,381847
2501001,3766,away,win,5,3777,home,lose,0,32,384954
2501003,3775,home,tie,1,3774,away,tie,1,32,385529
2500996,3783,away,lose,0,3789,home,win,3,32,378948
2500997,3799,home,tie,1,3779,away,tie,1,32,385484
2500998,3772,home,win,2,3776,away,lose,1,32,385496
2500999,3785,home,win,4,3795,away,lose,0,32,381843
2501005,3804,away,win,1,3780,home,lose,0,32,385796
2501002,3770,away,lose,1,19830,home,win,2,32,385528
2501004,3767,away,tie,1,3782,home,tie,1,32,
2500993,3774,home,tie,1,19830,away,tie,1,31,378976
2500990,3766,home,win,2,3780,away,lose,0,31,386297
2500986,3783,home,lose,1,3787,away,win,3,31,460026
2500989,3789,away,win,1,3776,home,lose,0,31,386325
2500991,3770,home,lose,0,3782,away,win,3,31,381867
2500994,3777,away,tie,2,3779,home,tie,2,31,384953
2500995,3775,away,win,2,3795,home,lose,0,31,385483
2500988,3772,away,lose,1,3785,home,win,2,31,379381
2500987,3804,home,lose,1,3771,away,win,3,31,385529
2500979,3766,away,win,3,3771,home,lose,2,30,384953
2500984,3782,home,win,2,3785,away,lose,0,30,378976
2500980,3777,home,tie,1,3770,away,tie,1,30,378948
2500983,3767,away,win,2,3775,home,lose,1,30,385528
2500976,3789,home,tie,1,3795,away,tie,1,30,385484
2500977,3783,away,lose,0,3799,home,win,3,30,385481
2500982,3804,away,tie,2,3787,home,tie,2,30,385496
2500985,3779,away,tie,2,3780,home,tie,2,30,379381
2500978,3772,home,lose,0,3774,away,win,2,30,381847
2500981,3776,away,lose,1,19830,home,win,2,30,384931
2500992,3767,home,win,2,3799,away,lose,1,31,460026
2500975,3771,away,win,2,3780,home,lose,1,29,385528
2500970,3783,away,lose,0,3766,home,win,1,29,384931
2500968,3775,away,win,5,3785,home,lose,2,29,385484
2500966,3799,away,tie,0,3772,home,tie,0,29,385483
2500967,3804,home,tie,1,3789,away,tie,1,29,381847
2500969,3787,away,tie,1,3776,home,tie,1,29,379381
2500971,3770,home,win,1,3795,away,lose,0,29,385529
2500973,3774,home,tie,1,3782,away,tie,1,29,386297
2500972,3767,home,win,5,3777,away,lose,0,29,378976
2500974,3779,home,lose,1,19830,away,win,3,29,384954
2500959,3771,home,tie,1,3770,away,tie,1,28,384954
2500962,3766,away,tie,1,3787,home,tie,1,28,386297
2500958,3783,home,win,2,3779,away,lose,0,28,385483
2500956,3789,home,lose,0,3774,away,win,2,28,381848
2500957,3799,home,win,3,3785,away,lose,0,28,384931
2500960,3777,home,tie,1,3780,away,tie,1,28,381847
2500964,3804,away,tie,2,3782,home,tie,2,28,378948
2500965,3767,away,win,2,3795,home,lose,0,28,386325
2500961,3772,away,lose,1,19830,home,win,2,28,384953
2500963,3775,home,win,2,3776,away,lose,1,28,385496
2500952,3767,home,win,3,3771,away,lose,0,27,386297
2500950,3766,home,tie,1,3782,away,tie,1,27,384953
2500946,3775,away,tie,0,3772,home,tie,0,27,381843
2500947,3783,away,lose,0,3804,home,win,2,27,460026
2500948,3777,away,tie,2,3785,home,tie,2,27,385529
2500949,3799,away,win,2,3776,home,lose,1,27,385528
2500951,3789,away,win,1,3770,home,lose,0,27,385484
2500953,3774,home,win,2,3795,away,lose,0,27,385496
2500955,3780,home,tie,3,19830,away,tie,3,27,378948
2500954,3779,home,tie,0,3787,away,tie,0,27,378976
2500925,3804,away,tie,0,3795,home,tie,0,24,378976
2500940,3771,home,win,1,3772,away,lose,0,26,381847
2500939,3766,away,tie,2,3776,home,tie,2,26,378948
2500943,3775,home,tie,1,3770,away,tie,1,26,384931
2500936,3789,home,tie,0,3780,away,tie,0,26,381843
2500937,3799,home,lose,0,3782,away,win,1,26,384954
2500938,3783,home,tie,2,3774,away,tie,2,26,379587
2500942,3787,home,tie,1,3785,away,tie,1,26,386325
2500945,3777,away,lose,0,3795,home,win,1,26,385481
2500944,3767,home,win,5,3779,away,lose,2,26,385496
2500941,3804,away,lose,0,19830,home,win,4,26,385483
2500930,3766,home,lose,0,3774,away,win,2,25,378976
2500932,3770,home,tie,2,3776,away,tie,2,25,381847
2500934,3779,home,win,2,3795,away,lose,1,25,
2500926,3799,home,lose,0,19830,away,win,4,25,385496
2500927,3789,away,lose,2,3772,home,win,3,25,386297
2500928,3804,home,win,3,3775,away,lose,2,25,381848
2500929,3783,away,tie,0,3785,home,tie,0,25,385484
2500931,3777,home,lose,0,3787,away,win,1,25,460026
2500935,3767,away,win,1,3780,home,lose,0,25,384953
2500933,3771,away,tie,2,3782,home,tie,2,25,381843
2500920,3766,away,lose,2,19830,home,win,3,24,386297
2500917,3783,home,win,3,3770,away,lose,2,24,386325
2500923,3774,home,lose,0,3785,away,win,1,24,384953
2500916,3789,home,lose,0,3782,away,win,2,24,385496
2500921,3799,away,lose,1,3787,home,win,2,24,385484
2500922,3775,home,lose,0,3780,away,win,1,24,384954
2500924,3772,away,win,2,3779,home,lose,0,24,385529
2500918,3767,away,win,3,3776,home,lose,0,24,385483
2500919,3771,home,win,6,3777,away,lose,3,24,385481
2500911,3771,home,tie,2,19830,away,tie,2,23,384954
2500907,3766,away,lose,1,3772,home,win,3,23,385528
2500910,3779,away,lose,1,3776,home,win,2,23,460026
2500906,3799,home,win,1,3789,away,lose,0,23,385481
2500909,3770,away,win,3,3785,home,lose,0,23,378948
2500912,3775,away,lose,1,3777,home,win,2,23,385483
2500914,3783,away,lose,1,3782,home,win,2,23,379381
2500915,3780,home,win,1,3795,away,lose,0,23,386297
2500913,3767,home,win,4,3787,away,lose,0,23,381843
2500908,3804,home,win,2,3774,away,lose,1,23,385529
2500898,3767,away,lose,1,3766,home,win,2,22,384931
2500899,3777,away,lose,1,19830,home,win,3,22,381847
2500902,3775,home,win,1,3782,away,lose,0,22,381843
2500896,3789,home,win,3,3785,away,lose,1,22,460026
2500900,3787,home,win,2,3780,away,lose,1,22,385529
2500903,3799,away,lose,0,3774,home,win,1,22,379381
2500904,3804,away,lose,2,3779,home,win,3,22,
2500905,3776,away,lose,0,3795,home,win,1,22,
2500901,3772,away,win,1,3770,home,lose,0,22,
2500897,3783,home,lose,0,3771,away,win,2,22,385528
2500894,3767,home,win,8,3804,away,lose,0,21,385481
2500886,3789,home,tie,1,3787,away,tie,1,21,386325
2500887,3799,home,win,3,3795,away,lose,1,21,378976
2500889,3766,away,win,2,3785,home,lose,0,21,381848
2500890,3774,away,win,2,3776,home,lose,1,21,381847
2500892,3777,home,win,3,3782,away,lose,0,21,378948
2500895,3770,away,tie,1,3780,home,tie,1,21,385496
2500893,3775,away,tie,2,19830,home,tie,2,21,385528
2500888,3783,away,win,2,3772,home,lose,0,21,385484
2500891,3771,home,win,2,3779,away,lose,0,21,384953
2500880,3767,away,win,1,3770,home,lose,0,20,384893
2500878,3799,away,tie,1,3766,home,tie,1,20,381843
2500883,3782,home,win,2,3780,away,lose,0,20,381847
2500876,3783,home,lose,0,3776,away,win,1,20,385483
2500877,3804,home,tie,1,3777,away,tie,1,20,385528
2500879,3787,home,tie,0,19830,away,tie,0,20,384954
2500881,3775,home,win,1,3789,away,lose,0,20,378976
2500885,3772,away,win,1,3795,home,lose,0,20,385529
2500882,3771,away,win,3,3774,home,lose,0,20,384931
2500884,3779,home,lose,0,3785,away,win,2,20,379381
2500867,3804,away,lose,1,3799,home,win,2,19,378976
2500870,3775,away,tie,1,3776,home,tie,1,19,381843
2500871,3771,home,win,3,3795,away,lose,1,19,385481
2500874,3783,away,lose,1,3767,home,win,3,19,386325
2500866,3789,home,lose,0,3770,away,win,1,19,385529
2500868,3772,home,lose,0,3787,away,win,2,19,460026
2500869,3782,away,lose,1,3785,home,win,2,19,385483
2500872,3777,home,win,3,3779,away,lose,0,19,384931
2500873,3774,away,lose,1,19830,home,win,2,19,386297
2500875,3766,away,win,2,3780,home,lose,1,19,385528
2500858,3766,home,win,2,3771,away,lose,0,18,386297
2500861,3775,home,win,1,3772,away,lose,0,18,384953
2500860,3799,away,lose,0,3770,home,win,1,18,386325
2500859,3777,away,win,3,3787,home,lose,1,18,378948
2500856,3783,home,tie,0,3785,away,tie,0,18,
2500857,3804,home,win,3,3776,away,lose,0,18,385496
2500864,3779,home,win,2,3780,away,lose,1,18,385801
2500865,3789,away,lose,0,3795,home,win,1,18,385528
2500862,3767,away,win,4,3774,home,lose,1,18,384954
2500863,3782,home,lose,0,19830,away,win,4,18,378976
2500850,3771,home,win,3,3782,away,lose,0,17,381848
2500853,3775,away,win,2,3770,home,lose,1,17,385801
2500846,3766,away,win,2,3789,home,lose,1,17,385481
2500847,3799,home,tie,1,3787,away,tie,1,17,385484
2500849,3804,away,lose,0,3785,home,win,4,17,381847
2500851,3777,home,tie,1,3774,away,tie,1,17,386325
2500852,3795,away,lose,2,19830,home,win,3,17,381843
2500855,3783,away,lose,0,3780,home,win,2,17,379381
2500854,3767,home,win,3,3776,away,lose,1,17,385483
2500848,3772,home,lose,0,3779,away,win,3,17,385529
2500840,3771,away,tie,1,3787,home,tie,1,16,381843
2500836,3783,home,lose,1,3766,away,win,2,16,378976
2500843,3770,away,tie,1,3782,home,tie,1,16,385528
2500838,3776,home,win,1,3780,away,lose,0,16,378948
2500839,3799,away,lose,0,19830,home,win,1,16,384954
2500841,3775,home,win,3,3777,away,lose,1,16,381847
2500842,3789,away,lose,0,3774,home,win,2,16,385496
2500845,3785,away,win,1,3795,home,lose,0,16,460026
2500844,3767,away,lose,1,3779,home,win,2,16,384953
2500837,3804,home,win,3,3772,away,lose,2,16,386297
2500833,3767,home,win,2,3795,away,lose,0,15,385529
2500827,3799,home,lose,1,3774,away,win,2,15,381848
2500829,3787,away,tie,0,3785,home,tie,0,15,385481
2500830,3766,home,lose,1,3776,away,win,2,15,385801
2500831,3771,away,win,3,3777,home,lose,0,15,384893
2500832,3770,home,win,1,19830,away,lose,0,15,378948
2500835,3775,away,win,2,3780,home,lose,1,15,385483
2500828,3772,home,win,3,3782,away,lose,0,15,381847
2500826,3804,away,lose,1,3789,home,win,2,15,386325
2500834,3783,away,tie,0,3779,home,tie,0,15,385484
2500820,3767,away,win,2,19830,home,lose,1,14,385528
2500818,3771,home,win,1,3785,away,lose,0,14,378976
2500822,3766,away,win,5,3775,home,lose,0,14,381843
2500816,3783,home,win,1,3772,away,lose,0,14,386325
2500817,3804,home,win,3,3780,away,lose,1,14,385484
2500819,3789,away,win,2,3777,home,lose,0,14,384954
2500821,3787,home,win,3,3776,away,lose,0,14,385496
2500825,3799,away,lose,0,3795,home,win,3,14,385796
2500823,3770,away,lose,1,3774,home,win,2,14,384953
2500824,3779,away,tie,2,3782,home,tie,2,14,386297
2500756,3789,home,win,3,3776,away,lose,0,8,381847
2500807,3771,away,tie,1,3772,home,tie,1,13,378948
2500812,3766,home,tie,0,3787,away,tie,0,13,386325
2500808,3783,home,tie,1,3775,away,tie,1,13,460026
2500809,3804,home,win,3,3795,away,lose,1,13,381843
2500810,3799,away,tie,1,3785,home,tie,1,13,385529
2500814,3779,home,win,2,3774,away,lose,1,13,384893
2500815,3777,away,tie,0,3780,home,tie,0,13,385796
2500813,3767,home,win,4,3770,away,lose,1,13,381848
2500806,3789,home,tie,1,19830,away,tie,1,13,385801
2500811,3782,away,lose,1,3776,home,win,3,13,385483
2500804,3766,away,win,5,3782,home,lose,0,12,384931
2500797,3783,away,lose,0,3771,home,win,5,12,381848
2500798,3777,home,lose,0,3776,away,win,3,12,385529
2500802,3804,away,lose,0,3775,home,win,1,12,385481
2500799,3785,away,lose,0,19830,home,win,6,12,381847
2500800,3789,away,tie,1,3787,home,tie,1,12,385484
2500801,3770,home,win,2,3780,away,lose,1,12,384954
2500805,3779,away,lose,0,3795,home,win,3,12,385496
2500796,3767,away,win,5,3799,home,lose,0,12,386297
2500803,3772,away,lose,0,3774,home,win,1,12,384953
2500790,3771,away,win,1,3776,home,lose,0,11,385528
2500795,3782,away,tie,0,3780,home,tie,0,11,385529
2500791,3766,home,win,2,3777,away,lose,0,11,378948
2500787,3783,home,win,1,3795,away,lose,0,11,385801
2500788,3804,home,win,1,3770,away,lose,0,11,385796
2500789,3789,away,tie,1,3785,home,tie,1,11,385483
2500792,3787,home,lose,0,3774,away,win,1,11,386297
2500794,3799,away,tie,2,3779,home,tie,2,11,386325
2500786,3772,home,lose,0,19830,away,win,2,11,384954
2500793,3767,home,win,3,3775,away,lose,0,11,384893
2500778,3767,away,tie,2,3771,home,tie,2,10,384953
2500785,3766,away,win,5,3795,home,lose,0,10,385528
2500782,3775,home,lose,1,3779,away,win,2,10,381848
2500776,3789,home,win,1,3772,away,lose,0,10,460026
2500777,3799,home,lose,0,3780,away,win,1,10,385483
2500779,3804,away,win,2,3777,home,lose,1,10,381847
2500781,3770,home,win,2,3785,away,lose,1,10,378976
2500783,3774,home,win,1,3776,away,lose,0,10,385481
2500780,3783,away,lose,0,19830,home,win,2,10,385496
2500784,3787,away,win,1,3782,home,lose,0,10,381843
2500774,3771,away,tie,3,3779,home,tie,3,9,384954
2500772,3775,away,lose,0,3787,home,win,2,9,385529
2500766,3772,home,tie,1,3770,away,tie,1,9,386325
2500767,3783,home,lose,0,3799,away,win,2,9,378948
2500769,3774,away,lose,0,3785,home,win,2,9,381843
2500770,3776,home,tie,2,3795,away,tie,2,9,385796
2500773,3777,away,lose,1,3782,home,win,3,9,385481
2500775,3789,away,lose,0,3780,home,win,1,9,385528
2500768,3767,away,win,2,3804,home,lose,1,9,385801
2500771,3766,home,win,3,19830,away,lose,2,9,386297
2500762,3775,home,lose,2,3771,away,win,4,8,386297
2500757,3799,home,tie,3,3766,away,tie,3,8,381847
2500765,3782,away,lose,1,3795,home,win,2,8,381848
2500758,3804,home,tie,1,3779,away,tie,1,8,385481
2500759,3780,away,tie,1,3785,home,tie,1,8,384953
2500761,3777,away,lose,0,3770,home,win,1,8,385483
2500764,3783,away,win,1,3774,home,lose,0,8,378976
2500763,3767,home,win,6,3772,away,lose,2,8,385528
2500760,3787,away,tie,1,19830,home,tie,1,8,384893
2500750,3771,home,win,2,3780,away,lose,0,7,378948
2500755,3779,home,lose,1,3770,away,win,2,7,460026
2500754,3774,away,tie,2,3782,home,tie,2,7,385801
2500746,3772,home,win,3,3785,away,lose,1,7,386297
2500747,3783,home,win,1,3789,away,lose,0,7,385796
2500749,3804,away,tie,3,3766,home,tie,3,7,384954
2500751,3777,home,lose,0,3795,away,win,1,7,386325
2500752,3767,away,tie,0,3787,home,tie,0,7,384931
2500748,3776,home,lose,0,19830,away,win,4,7,381843
2500753,3799,away,tie,2,3775,home,tie,2,7,385528
2500742,3767,home,win,2,3766,away,lose,0,6,384953
2500737,3799,home,lose,0,3777,away,win,1,6,385484
2500743,3775,away,win,1,3774,home,lose,0,6,381848
2500736,3771,away,win,2,3789,home,lose,0,6,381847
2500738,3804,home,lose,0,3782,away,win,1,6,386297
2500739,3776,away,lose,0,3785,home,win,1,6,385529
2500741,3783,away,lose,0,3770,home,win,1,6,385481
2500745,3787,away,win,1,3795,home,lose,0,6,378976
2500740,3779,away,lose,0,19830,home,win,3,6,385483
2500744,3772,away,win,1,3780,home,lose,0,6,384931
2500729,3771,home,lose,1,3774,away,win,3,5,384954
2500728,3766,home,win,2,3785,away,lose,1,5,378948
2500733,3799,away,tie,1,3782,home,tie,1,5,386325
2500726,3783,home,win,2,3804,away,lose,1,5,385496
2500731,3770,away,win,1,3787,home,lose,0,5,385801
2500734,3789,away,win,1,3779,home,lose,0,5,385529
2500735,3780,away,tie,0,3795,home,tie,0,5,385796
2500732,3775,home,win,4,19830,away,lose,0,5,384931
2500730,3767,away,win,5,3777,home,lose,1,5,460026
2500727,3772,away,tie,0,3776,home,tie,0,5,385528
2500722,3771,away,lose,1,19830,home,win,6,4,384953
2500717,3799,home,tie,1,3776,away,tie,1,4,381848
2500721,3779,away,lose,0,3785,home,win,2,4,381847
2500716,3775,away,lose,0,3789,home,win,3,4,385483
2500718,3772,home,win,2,3795,away,lose,1,4,384893
2500719,3783,home,win,1,3777,away,lose,0,4,385529
2500720,3804,home,win,2,3787,away,lose,1,4,385484
2500725,3774,away,lose,2,3780,home,win,3,4,381843
2500723,3766,away,tie,0,3770,home,tie,0,4,384954
2500724,3767,home,win,3,3782,away,lose,0,4,384931
2500712,3767,home,win,6,3780,away,lose,2,3,378976
2500708,3799,away,tie,1,3771,home,tie,1,3,385801
2500706,3783,away,win,2,3776,home,lose,0,3,386325
2500710,3779,away,tie,1,3787,home,tie,1,3,385796
2500711,3775,home,win,2,3785,away,lose,0,3,378948
2500713,3804,away,tie,2,3774,home,tie,2,3,385496
2500714,3789,away,lose,0,3782,home,win,3,3,385529
2500715,3770,away,win,1,3795,home,lose,0,3,460026
2500707,3766,home,tie,3,3772,away,tie,3,3,384931
2500709,3777,home,lose,0,19830,away,win,1,3,385528
2500700,3767,away,win,3,3785,home,lose,0,2,384954
2500699,3804,home,lose,1,19830,away,win,4,2,384893
2500704,3779,home,win,3,3776,away,lose,0,2,385483
2500696,3799,away,win,2,3789,home,lose,0,2,385796
2500697,3772,home,win,2,3777,away,lose,0,2,381847
2500698,3783,home,lose,0,3782,away,win,1,2,385484
2500705,3787,away,lose,0,3780,home,win,1,2,384953
2500701,3771,away,win,1,3770,home,lose,0,2,381843
2500703,3766,away,win,2,3774,home,lose,1,2,378948
2500702,3775,home,lose,1,3795,away,win,2,2,385801
2500689,3804,away,lose,0,3771,home,win,3,1,386297
2500686,3799,home,tie,2,3772,away,tie,2,1,460026
2500687,3770,away,lose,0,3776,home,win,3,1,378948
2500688,3766,home,win,4,3779,away,lose,0,1,384953
2500690,3777,home,lose,1,3785,away,win,3,1,385801
2500692,3783,away,lose,0,3787,home,win,1,1,385496
2500694,3775,away,lose,0,3782,home,win,1,1,385528
2500695,3774,away,tie,1,3795,home,tie,1,1,386325
2500693,3767,home,win,2,3789,away,lose,0,1,381847
2500691,3780,away,lose,2,19830,home,win,3,1,384931
2500089,1646,home,lose,1,1659,away,win,2,38,385705
2500090,1628,home,win,2,1627,away,lose,0,38,381851
2500091,1609,away,win,1,1673,home,lose,0,38,384965
2500092,1651,away,lose,0,1612,home,win,4,38,385704
2500093,1644,away,lose,0,1611,home,win,1,38,381853
2500094,1613,home,win,3,1610,away,lose,0,38,384888
2500095,1625,away,win,1,1619,home,lose,0,38,385911
2500096,10531,home,lose,1,1639,away,win,2,38,378952
2500097,1631,away,lose,4,1624,home,win,5,38,378951
2500098,1623,away,lose,1,1633,home,win,3,38,408156
2500028,1611,away,tie,0,1633,home,tie,0,31,381851
2500024,1651,away,lose,1,1625,home,win,3,31,385705
2500027,1613,away,lose,0,1624,home,win,1,31,385915
2500022,1609,away,lose,1,1631,home,win,3,31,408156
2500062,1673,away,tie,1,1610,home,tie,1,35,381853
2500026,1619,away,win,1,10531,home,lose,0,31,384965
2500080,1646,away,lose,0,1609,home,win,5,37,385911
2500082,1612,away,lose,0,1610,home,win,1,37,378952
2500085,1673,away,tie,0,1625,home,tie,0,37,385909
2500083,1619,away,tie,1,1623,home,tie,1,37,381851
2500079,1659,home,win,1,10531,away,lose,0,37,385704
2500084,1631,home,lose,0,1633,away,win,2,37,385737
2500087,1644,home,win,2,1613,away,lose,1,37,388333
2500088,1627,home,win,1,1624,away,lose,0,37,385916
2500086,1628,away,win,2,1639,home,lose,1,37,384888
2500081,1651,home,win,1,1611,away,lose,0,37,378951
2500077,1644,away,lose,0,1624,home,win,2,36,384965
2500073,1609,away,lose,1,1611,home,win,2,36,385704
2500078,1625,away,win,4,1633,home,lose,1,36,385915
2500076,1610,away,win,1,10531,home,lose,0,36,381851
2500069,1646,home,tie,0,1651,away,tie,0,36,388333
2500070,1628,home,win,5,1631,away,lose,0,36,385909
2500071,1673,home,lose,0,1623,away,win,2,36,381852
2500074,1627,away,win,1,1613,home,lose,0,36,385718
2500075,1659,away,lose,1,1619,home,win,2,36,378952
2500072,1612,home,tie,0,1639,away,tie,0,36,385911
2500063,1613,away,lose,0,1623,home,win,1,35,379443
2500065,1625,home,win,5,10531,away,lose,0,35,378951
2500060,1609,home,win,4,1633,away,lose,1,35,381853
2500066,1646,away,tie,1,1639,home,tie,1,35,385909
2500067,1628,away,tie,0,1644,home,tie,0,35,385737
2500068,1627,home,tie,2,1612,away,tie,2,35,385912
2500020,1646,home,lose,1,1610,away,win,2,31,379443
2500064,1619,away,tie,0,1631,home,tie,0,35,388333
2500059,1659,home,lose,0,1611,away,win,2,35,408156
2500061,1651,home,tie,1,1624,away,tie,1,35,385704
2500058,1639,away,tie,1,1633,home,tie,1,34,384965
2500053,1627,away,win,1,1611,home,lose,0,34,385705
2500054,1609,away,lose,1,1613,home,win,2,34,378952
2500057,1625,away,win,3,1624,home,lose,1,34,381851
2500052,1659,away,lose,0,1612,home,win,3,34,385737
2500049,1646,home,win,2,1631,away,lose,1,34,384888
2500050,1628,home,win,3,1651,away,lose,2,34,385911
2500051,1673,home,win,1,1644,away,lose,0,34,378951
2500056,10531,home,tie,1,1623,away,tie,1,34,381853
2500055,1610,away,win,3,1619,home,lose,2,34,385909
2500042,1610,home,tie,1,1633,away,tie,1,33,385704
2500040,1609,home,win,3,1619,away,lose,2,33,385911
2500045,1611,away,win,3,1625,home,lose,2,33,384888
2500039,1659,home,tie,2,1628,away,tie,2,33,381851
2500041,1673,away,tie,1,1651,home,tie,1,33,378952
2500044,1613,away,win,2,1631,home,lose,1,33,385912
2500046,1639,home,lose,1,1624,away,win,2,33,408156
2500047,1646,away,win,2,1644,home,lose,1,33,385705
2500048,1627,home,tie,1,10531,away,tie,1,33,388333
2500043,1612,away,tie,0,1623,home,tie,0,33,384965
2500031,1610,home,lose,1,1624,away,win,3,32,385911
2500029,1609,home,win,3,1639,away,lose,0,32,378951
2500033,1625,away,win,3,1623,home,lose,1,32,385705
2499738,1619,away,lose,0,1633,home,win,3,32,381851
2500030,1651,home,lose,0,1631,away,win,2,32,385737
2500034,1611,home,win,2,10531,away,lose,0,32,379443
2500035,1673,away,lose,0,1613,home,win,1,32,384888
2500037,1659,away,tie,2,1644,home,tie,2,32,385720
2500038,1646,away,win,2,1627,home,lose,1,32,381852
2500032,1628,home,lose,1,1612,away,win,2,32,385915
2500023,1612,home,win,5,1644,away,lose,0,31,378952
2500019,1659,home,win,2,1627,away,lose,1,31,408156
2500021,1628,away,win,2,1673,home,lose,0,31,385909
2500025,1639,home,lose,1,1623,away,win,2,31,384888
2500016,1625,away,win,2,1639,home,lose,0,30,381851
2500009,1659,home,lose,1,1624,away,win,4,30,385909
2500010,1609,home,win,3,1644,away,lose,0,30,384888
2500011,1628,away,lose,1,1610,home,win,2,30,378952
2500012,1651,away,lose,0,1623,home,win,2,30,388333
2500013,1673,home,tie,0,10531,away,tie,0,30,384965
2500015,1613,home,win,3,1619,away,lose,0,30,385911
2500017,1627,home,lose,1,1631,away,win,4,30,379443
2500018,1646,away,win,3,1633,home,lose,0,30,381853
2500014,1612,away,lose,1,1611,home,win,2,30,378951
2500001,1628,home,lose,2,1611,away,win,3,29,385915
2500004,1610,away,lose,0,1625,home,win,1,29,384965
2499999,1609,away,lose,1,1651,home,win,2,29,385912
2500003,1612,home,win,2,1613,away,lose,0,29,408156
2500002,1659,away,tie,1,1631,home,tie,1,29,381852
2500005,1619,home,tie,0,1639,away,tie,0,29,378952
2500006,10531,home,win,4,1633,away,lose,1,29,384888
2500007,1673,away,lose,0,1624,home,win,2,29,385704
2500008,1627,away,lose,0,1644,home,win,1,29,385705
2500000,1646,home,win,2,1623,away,lose,1,29,385737
2499990,1609,home,lose,0,1625,away,win,3,28,385911
2499996,1611,home,win,2,1610,away,lose,1,28,384888
2499993,1628,home,lose,0,1624,away,win,1,28,385704
2499997,1644,home,win,1,1623,away,lose,0,28,378952
2499989,1659,home,tie,2,1613,away,tie,2,28,388333
2499991,1651,home,win,4,10531,away,lose,1,28,385909
2499992,1646,home,tie,1,1619,away,tie,1,28,379443
2499995,1612,home,win,4,1633,away,lose,1,28,385912
2499998,1627,home,lose,1,1673,away,win,2,28,381851
2499994,1639,away,tie,1,1631,home,tie,1,28,384965
2499979,1627,away,lose,0,1610,home,win,3,27,381853
2499984,1612,away,win,2,1619,home,lose,0,27,384888
2499983,1611,away,lose,0,1613,home,win,1,27,378951
2499981,1659,away,lose,1,1673,home,win,4,27,384965
2499982,1625,home,win,5,1631,away,lose,1,27,385916
2499980,1628,away,lose,1,1623,home,win,3,27,381851
2499985,1651,away,tie,1,1639,home,tie,1,27,
2499986,1646,away,lose,0,10531,home,win,1,27,385911
2499988,1644,away,lose,0,1633,home,win,2,27,408156
2499987,1609,away,lose,0,1624,home,win,1,27,378952
2499977,1644,home,win,4,1610,away,lose,1,26,385909
2499975,1612,home,tie,2,1624,away,tie,2,26,
2499973,1628,home,tie,1,1613,away,tie,1,26,385911
2499970,1609,home,win,5,1623,away,lose,1,26,385915
2499969,1659,home,win,2,1639,away,lose,1,26,385705
2499971,1651,home,win,3,1633,away,lose,1,26,388333
2499974,10531,away,tie,1,1631,home,tie,1,26,378952
2499976,1673,away,lose,0,1611,home,win,2,26,385912
2499978,1627,home,lose,2,1619,away,win,3,26,384965
2499972,1646,home,tie,1,1625,away,tie,1,26,384888
2499966,1627,away,lose,0,1625,home,win,3,25,379443
2499967,1644,away,tie,0,1639,home,tie,0,25,381851
2499968,1611,away,lose,0,1624,home,win,2,25,385911
2499962,1659,away,win,3,1610,home,lose,0,25,381852
2499963,1631,away,lose,1,1623,home,win,2,25,385737
2499964,1646,away,tie,1,1613,home,tie,1,25,385914
2499965,1651,away,tie,1,1619,home,tie,1,25,385909
2499959,1673,home,lose,0,1612,away,win,3,25,385704
2499960,1609,away,lose,1,10531,home,win,3,25,381853
2499961,1628,away,tie,1,1633,home,tie,1,25,385915
2499957,1612,away,lose,0,10531,home,win,1,24,385915
2499955,1619,home,tie,1,1624,away,tie,1,24,385704
2499954,1613,away,lose,1,1625,home,win,3,24,385705
2499949,1628,away,lose,1,1609,home,win,4,24,385737
2499951,1646,home,lose,0,1611,away,win,1,24,385909
2499952,1627,away,tie,1,1623,home,tie,1,24,385912
2499953,1644,away,lose,0,1631,home,win,2,24,381852
2499956,1673,away,lose,0,1639,home,win,2,24,384965
2499958,1659,away,tie,1,1633,home,tie,1,24,384888
2499950,1651,home,lose,0,1610,away,win,4,24,381851
2499944,1611,home,win,3,1639,away,lose,0,23,378952
2499943,1612,home,win,4,1625,away,lose,3,23,385911
2499939,1659,home,win,2,1609,away,lose,1,23,385704
2499946,1624,home,win,4,1623,away,lose,0,23,378951
2499940,1610,home,tie,0,1631,away,tie,0,23,385916
2499941,1646,away,lose,0,1628,home,win,1,23,384965
2499942,1673,home,lose,1,1633,away,win,4,23,381851
2499945,1613,home,tie,1,10531,away,tie,1,23,408156
2499947,1644,home,tie,2,1619,away,tie,2,23,388333
2499948,1627,home,win,2,1651,away,lose,0,23,384888
2499926,1624,home,tie,1,1633,away,tie,1,21,385909
2499929,1609,home,tie,2,1610,away,tie,2,22,378952
2499937,10531,home,lose,0,1624,away,win,2,22,379443
2499938,1627,away,lose,1,1633,home,win,2,22,385916
2499934,1644,away,lose,1,1625,home,win,3,22,381853
2499935,1628,away,win,2,1619,home,lose,1,22,385912
2499932,1611,away,win,2,1623,home,lose,0,22,385911
2499931,1646,home,lose,1,1612,away,win,2,22,388333
2499933,1673,away,lose,0,1631,home,win,3,22,408156
2499936,1613,away,win,1,1639,home,lose,0,22,385737
2499930,1659,away,tie,2,1651,home,tie,2,22,384965
2499928,1627,home,tie,1,1609,away,tie,1,21,385909
2499921,1628,home,tie,0,1625,away,tie,0,21,381851
2499924,1611,home,tie,0,1619,away,tie,0,21,378951
2499919,1659,home,win,2,1623,away,lose,1,21,381852
2499920,1610,home,win,5,1639,away,lose,0,21,385704
2499922,1646,away,tie,0,1673,home,tie,0,21,385705
2499923,1612,home,win,2,1631,away,lose,1,21,385915
2499925,1651,away,tie,0,1613,home,tie,0,21,378952
2499927,1644,home,lose,1,10531,away,win,2,21,384888
2499911,1628,home,lose,2,1609,away,win,3,20,384965
2499915,1613,home,lose,0,1625,away,win,1,20,385911
2499913,1612,home,win,5,10531,away,lose,0,20,385704
2499909,1659,home,tie,3,1633,away,tie,3,20,385912
2499910,1651,away,lose,0,1610,home,win,2,20,385909
2499912,1673,home,tie,1,1639,away,tie,1,20,378952
2499914,1646,away,tie,2,1611,home,tie,2,20,384888
2499917,1644,home,win,2,1631,away,lose,1,20,385737
2499918,1627,home,tie,0,1623,away,tie,0,20,388333
2499916,1619,away,lose,2,1624,home,win,5,20,408156
2499903,1611,away,tie,2,1631,home,tie,2,19,381851
2499901,1646,home,lose,0,1624,away,win,3,19,384965
2499900,1651,home,win,1,1644,away,lose,0,19,385705
2499904,1659,away,lose,0,1625,home,win,4,19,385916
2499905,1673,away,tie,1,1619,home,tie,1,19,381852
2499906,1627,away,lose,1,1639,home,win,3,19,385915
2499907,1628,away,tie,1,10531,home,tie,1,19,378951
2499908,1613,away,win,3,1633,home,lose,2,19,381853
2499902,1610,away,tie,0,1623,home,tie,0,19,379443
2499899,1609,home,tie,3,1612,away,tie,3,19,384888
2499893,10531,away,lose,1,1623,home,win,3,18,381851
2499889,1659,home,lose,0,1612,away,win,4,18,385911
2499898,1627,home,lose,1,1611,away,win,2,18,378952
2499895,1625,home,win,4,1624,away,lose,1,18,378951
2499896,1639,home,lose,0,1633,away,win,3,18,408156
2499890,1609,home,win,1,1613,away,lose,0,18,385912
2499891,1646,away,tie,0,1651,home,tie,0,18,385737
2499892,1610,home,win,1,1619,away,lose,0,18,388333
2499897,1673,away,win,4,1644,home,lose,1,18,384965
2499894,1628,away,win,3,1631,home,lose,0,18,384888
2499882,1609,away,tie,0,1633,home,tie,0,17,381851
2499884,1659,away,lose,0,1611,home,win,1,17,408156
2499887,1627,away,tie,0,1612,home,tie,0,17,385705
2499888,1651,away,lose,0,1624,home,win,2,17,379443
2499881,1625,away,win,4,10531,home,lose,0,17,378952
2499885,1613,home,lose,0,1623,away,win,1,17,384888
2499886,1619,home,lose,1,1631,away,win,4,17,385737
2499880,1673,home,lose,1,1610,away,win,3,17,385911
2499883,1628,home,win,2,1644,away,lose,1,17,381853
2499879,1646,home,win,1,1639,away,lose,0,17,385916
2499873,1611,home,lose,1,1625,away,win,2,16,384965
2499872,1612,home,tie,1,1623,away,tie,1,16,378951
2499875,1609,away,tie,1,1619,home,tie,1,16,379443
2499874,1613,home,lose,2,1631,away,win,3,16,385915
2499869,1646,home,win,1,1644,away,lose,0,16,381852
2499870,1659,away,tie,2,1628,home,tie,2,16,385704
2499871,1673,home,win,2,1651,away,lose,0,16,385912
2499876,1627,away,lose,0,10531,home,win,1,16,385909
2499877,1639,away,lose,1,1624,home,win,5,16,388333
2499878,1610,away,lose,0,1633,home,win,1,16,378952
2499865,1625,home,win,2,1633,away,lose,1,15,385909
2499859,1659,home,tie,1,1619,away,tie,1,15,381851
2499860,1609,home,lose,1,1611,away,win,3,15,385911
2499861,1651,home,lose,1,1612,away,win,5,15,408156
2499863,1673,away,lose,0,1623,home,win,2,15,385737
2499864,1646,away,lose,0,1631,home,win,1,15,385705
2499866,10531,away,lose,1,1639,home,win,2,15,378951
2499867,1644,home,tie,1,1624,away,tie,1,15,384888
2499868,1628,away,tie,0,1627,home,tie,0,15,384965
2499862,1613,away,lose,1,1610,home,win,3,15,385704
2499856,1623,home,win,4,1633,away,lose,0,14,384965
2499857,1625,home,win,2,1619,away,lose,1,14,385705
2499858,1612,away,win,3,1639,home,lose,0,14,384888
2499849,1646,away,win,2,1659,home,lose,1,14,388333
2499850,1609,home,win,5,1673,away,lose,0,14,408156
2499855,1610,home,win,1,10531,away,lose,0,14,385915
2499853,1644,home,lose,2,1611,away,win,4,14,381851
2499854,1627,home,tie,2,1613,away,tie,2,14,381852
2499851,1628,away,tie,0,1651,home,tie,0,14,385911
2499852,1631,home,win,2,1624,away,lose,1,14,378952
2499841,1673,home,lose,1,1625,away,win,2,13,378951
2499839,1646,home,lose,0,1609,away,win,1,13,381853
2499845,1619,home,win,4,1623,away,lose,1,13,385704
2499842,1612,home,tie,1,1610,away,tie,1,13,384965
2499840,1628,home,win,2,1639,away,lose,1,13,385909
2499843,1651,away,lose,0,1611,home,win,1,13,385915
2499844,1644,away,win,3,1613,home,lose,0,13,385737
2499846,1659,away,tie,0,10531,home,tie,0,13,385912
2499847,1627,away,tie,1,1624,home,tie,1,13,385916
2499848,1631,away,tie,1,1633,home,tie,1,13,384888
2499831,1651,home,tie,2,1639,away,tie,2,12,381853
2499837,1644,home,win,2,1633,away,lose,0,12,385911
2499836,1611,home,win,4,1613,away,lose,1,12,378951
2499829,1659,home,win,4,1673,away,lose,0,12,381852
2499832,1646,home,win,2,10531,away,lose,0,12,384888
2499833,1628,home,tie,2,1623,away,tie,2,12,378952
2499834,1625,away,win,2,1631,home,lose,0,12,408156
2499835,1612,home,win,3,1619,away,lose,0,12,385916
2499838,1627,home,lose,0,1610,away,win,4,12,381851
2499830,1609,home,win,2,1624,away,lose,0,12,385909
2499819,1611,away,lose,0,1610,home,win,1,11,378952
2499820,1644,away,lose,2,1623,home,win,3,11,408156
2499822,1609,away,lose,1,1625,home,win,3,11,384965
2499827,1628,away,lose,0,1624,home,win,1,11,385704
2499828,1612,away,win,4,1633,home,lose,1,11,385915
2499821,1627,away,lose,0,1673,home,win,1,11,388333
2499823,1659,away,win,1,1613,home,lose,0,11,385705
2499824,1646,away,win,1,1619,home,lose,0,11,381852
2499826,1651,away,win,1,10531,home,lose,0,11,385909
2499825,1639,home,tie,2,1631,away,tie,2,11,379443
2499812,1646,home,win,1,1613,away,lose,0,10,385909
2499814,1631,home,win,2,1623,away,lose,0,10,385911
2499811,1651,home,tie,1,1619,away,tie,1,10,385915
2499809,1659,home,lose,0,1610,away,win,1,10,378951
2499810,1609,home,win,2,10531,away,lose,1,10,381853
2499813,1628,home,tie,2,1633,away,tie,2,10,379443
2499815,1673,away,lose,0,1612,home,win,3,10,385704
2499817,1644,home,lose,0,1639,away,win,1,10,384965
2499818,1627,home,lose,2,1625,away,win,3,10,385916
2499816,1611,home,win,1,1624,away,lose,0,10,381851
2499807,1612,away,lose,1,1624,home,win,4,9,385911
2499800,1609,away,win,5,1623,home,lose,2,9,378951
2499804,1627,away,lose,0,1619,home,win,1,9,408156
2499801,1673,home,win,2,1611,away,lose,1,9,381853
2499802,1646,away,lose,0,1625,home,win,3,9,388333
2499803,1628,away,lose,0,1613,home,win,1,9,385912
2499805,1659,away,win,2,1639,home,lose,1,9,381852
2499806,10531,home,lose,1,1631,away,win,2,9,384965
2499799,1644,away,lose,2,1610,home,win,4,9,381851
2499808,1651,away,win,3,1633,home,lose,0,9,384888
2499792,1627,away,tie,1,1631,home,tie,1,8,385909
2499795,1613,away,tie,2,1619,home,tie,2,8,385704
2499789,1651,home,tie,1,1623,away,tie,1,8,384965
2499798,1609,away,lose,1,1644,home,win,2,8,385915
2499790,1646,home,tie,1,1633,away,tie,1,8,385912
2499791,1628,home,win,2,1610,away,lose,1,8,385911
2499794,1625,home,win,7,1639,away,lose,2,8,378951
2499796,1673,away,lose,0,10531,home,win,2,8,385705
2499797,1659,away,lose,0,1624,home,win,1,8,379443
2499793,1612,home,tie,0,1611,away,tie,0,8,384888
2499785,1612,away,tie,1,1613,home,tie,1,7,378951
2499782,1646,away,win,1,1623,home,lose,0,7,381851
2499780,1609,home,win,2,1651,away,lose,0,7,385704
2499781,1610,home,lose,0,1625,away,win,1,7,384888
2499779,1659,home,tie,0,1631,away,tie,0,7,408156
2499784,1628,away,lose,0,1611,home,win,4,7,385909
2499786,1619,away,lose,1,1639,home,win,2,7,385916
2499787,1627,home,tie,2,1644,away,tie,2,7,384965
2499788,10531,away,lose,0,1633,home,win,1,7,388333
2499783,1673,home,lose,0,1624,away,win,4,7,385915
2499769,1627,away,lose,0,1609,home,win,2,6,379443
2499770,1651,home,win,1,1613,away,lose,0,6,385911
2499773,1612,away,win,3,1631,home,lose,2,6,378952
2499771,1646,home,tie,0,1673,away,tie,0,6,385737
2499772,1659,away,lose,1,1623,home,win,2,6,384888
2499774,1628,away,lose,0,1625,home,win,5,6,385915
2499775,1611,away,win,1,1619,home,lose,0,6,378951
2499776,1610,away,win,4,1639,home,lose,0,6,385909
2499777,1644,away,win,2,10531,home,lose,1,6,381853
2499778,1624,away,win,3,1633,home,lose,2,6,384965
2499764,1611,home,win,4,1623,away,lose,0,5,385911
2499760,1609,away,tie,0,1610,home,tie,0,5,384965
2499766,10531,away,tie,0,1624,home,tie,0,5,385909
2499762,1673,home,tie,1,1631,away,tie,1,5,381851
2499763,1646,away,tie,1,1612,home,tie,1,5,388333
2499765,1613,home,win,2,1639,away,lose,1,5,385912
2499767,1644,home,lose,0,1625,away,win,6,5,378952
2499768,1627,home,tie,0,1633,away,tie,0,5,385705
2499761,1628,home,lose,0,1619,away,win,1,5,379443
2499759,1659,home,win,2,1651,away,lose,1,5,378951
2499758,1673,away,lose,0,1633,home,win,2,4,385704
2499757,1613,away,win,1,10531,home,lose,0,4,385916
2499751,1646,home,win,1,1628,away,lose,0,4,384965
2499756,1611,away,tie,2,1639,home,tie,2,4,385915
2499749,1659,away,lose,0,1609,home,win,3,4,378952
2499750,1627,away,lose,1,1651,home,win,3,4,385737
2499752,1624,away,win,3,1623,home,lose,0,4,408156
2499753,1610,away,win,2,1631,home,lose,1,4,381853
2499755,1644,away,win,2,1619,home,lose,0,4,381852
2499754,1612,away,lose,0,1625,home,win,5,4,381851
2499743,1609,away,lose,0,1612,home,win,4,3,384888
2499746,1646,away,tie,1,1624,home,tie,1,3,381853
2499740,1610,home,win,2,1623,away,lose,0,3,381851
2499748,1627,home,tie,1,1639,away,tie,1,3,378952
2499744,1611,home,win,2,1631,away,lose,0,3,384965
2499741,1628,home,lose,0,10531,away,win,2,3,385911
2499742,1673,home,tie,0,1619,away,tie,0,3,385912
2499745,1613,home,win,3,1633,away,lose,0,3,385915
2499747,1651,away,tie,0,1644,home,tie,0,3,408156
2499739,1659,home,lose,1,1625,away,win,2,3,385909
2499734,1625,home,tie,1,1623,away,tie,1,2,379443
2499737,1610,away,win,2,1624,home,lose,1,2,378952
2499731,1673,home,win,1,1613,away,lose,0,2,378951
2499735,1609,away,lose,0,1639,home,win,1,2,385911
2499729,1659,home,lose,0,1644,away,win,2,2,388333
2499730,1646,home,lose,0,1627,away,win,1,2,384888
2499732,1651,away,lose,0,1631,home,win,2,2,381852
2499733,1628,away,lose,0,1612,home,win,1,2,385704
2500036,1619,home,win,3,1633,away,lose,2,2,381853
2499736,1611,away,win,4,10531,home,lose,0,2,381851
2499724,1611,home,win,4,1633,away,lose,0,1,384888
2499725,1613,home,lose,0,1624,away,win,2,1,385911
2499720,1651,home,lose,0,1625,away,win,2,1,384965
2499721,1646,away,win,3,1610,home,lose,2,1,378951
2499722,1628,home,lose,0,1673,away,win,3,1,381851
2499723,1639,away,lose,0,1623,home,win,1,1,385915
2499726,1619,home,tie,0,10531,away,tie,0,1,385916
2499728,1659,away,lose,0,1627,home,win,1,1,379443
2499727,1612,away,tie,3,1644,home,tie,3,1,378952
2499719,1609,home,win,4,1631,away,lose,3,1,385909
2576335,3162,home,lose,2,3161,away,win,3,38,377206
2576336,3158,away,win,1,3315,home,lose,0,38,377255
2576329,3173,home,win,1,3172,away,lose,0,38,377247
2576330,3165,home,win,1,3219,away,lose,0,38,377246
2576331,3166,away,lose,0,3163,home,win,1,38,377254
2576332,3197,away,lose,1,3187,home,win,2,38,377231
2576333,3157,home,win,5,3176,away,lose,1,38,377252
2576337,3164,away,lose,1,3204,home,win,3,38,377256
2576338,3185,away,win,2,3193,home,lose,1,38,393614
2576334,3159,home,win,2,3194,away,lose,1,38,377237
2576322,3158,home,tie,0,3159,away,tie,0,37,377210
2576325,3187,away,win,2,3164,home,lose,0,37,377254
2576324,3172,home,tie,1,3157,away,tie,1,37,377241
2576319,3173,away,win,1,3176,home,lose,0,37,377219
2576320,3165,away,win,2,3166,home,lose,1,37,377257
2576323,3162,away,tie,2,3197,home,tie,2,37,377232
2576327,3204,away,lose,1,3185,home,win,2,37,377251
2576328,3163,away,win,1,3194,home,lose,0,37,377264
2576326,3161,home,lose,1,3315,away,win,2,37,377271
2576321,3219,home,win,1,3193,away,lose,0,37,377267
2576316,3158,away,win,1,3173,home,lose,0,36,377256
2576317,3315,home,win,1,3164,away,lose,0,36,377261
2576309,3162,home,tie,1,3172,away,tie,1,36,377231
2576310,3219,away,lose,0,3204,home,win,2,36,377241
2576312,3165,home,win,2,3197,away,lose,1,36,377247
2576313,3176,away,win,3,3193,home,lose,2,36,377258
2576318,3187,home,tie,2,3185,away,tie,2,36,377244
2576315,3161,away,win,4,3163,home,lose,0,36,377232
2576311,3166,away,lose,1,3159,home,win,3,36,377253
2576314,3157,home,win,4,3194,away,lose,1,36,377246
2576303,3162,away,win,1,3185,home,lose,0,35,377253
2576305,3187,away,lose,0,3176,home,win,3,35,377232
2576299,3173,away,lose,1,3164,home,win,4,35,377271
2576301,3172,home,win,3,3193,away,lose,1,35,377252
2576304,3166,home,lose,1,3157,away,win,2,35,377248
2576307,3204,away,win,3,3194,home,lose,1,35,377231
2576308,3219,home,tie,3,3163,away,tie,3,35,377263
2576306,3315,away,lose,1,3197,home,win,4,35,377233
2576302,3161,home,lose,2,3159,away,win,3,35,377228
2576300,3158,home,win,4,3165,away,lose,1,35,377264
2576293,3193,home,win,3,3194,away,lose,1,34,377254
2576295,3187,away,win,1,3159,home,lose,0,34,377206
2576291,3163,home,lose,1,3197,away,win,2,34,377256
2576294,3161,away,win,2,3165,home,lose,1,34,377219
2576297,3162,home,win,4,3164,away,lose,0,34,377228
2576298,3172,home,win,2,3185,away,lose,1,34,377249
2576290,3173,home,tie,0,3166,away,tie,0,34,377244
2576289,3219,away,win,1,3157,home,lose,0,34,377251
2576292,3315,home,win,1,3176,away,lose,0,34,377253
2576296,3158,away,win,3,3204,home,lose,0,34,377210
2576280,3166,away,lose,0,3164,home,win,1,33,377258
2576282,3165,away,tie,0,3204,home,tie,0,33,377247
2576283,3158,home,win,2,3193,away,lose,1,33,377257
2576284,3197,home,tie,1,3159,away,tie,1,33,377252
2576285,3162,away,win,4,3176,home,lose,3,33,377233
2576286,3157,away,tie,1,3185,home,tie,1,33,377263
2576287,3315,away,win,1,3194,home,lose,0,33,377241
2576288,3163,away,lose,2,3187,home,win,4,33,377264
2576279,3172,away,win,3,3219,home,lose,0,33,377268
2576281,3161,home,win,4,3173,away,lose,0,33,377246
2576274,3162,home,tie,0,3158,away,tie,0,32,377232
2576275,3164,away,lose,0,3159,home,win,3,32,377251
2576269,3315,home,tie,2,3219,away,tie,2,32,377254
2576271,3166,home,win,2,3194,away,lose,0,32,377271
2576273,3187,away,tie,0,3157,home,tie,0,32,377231
2576276,3176,home,tie,0,3204,away,tie,0,32,377228
2576272,3161,away,tie,0,3172,home,tie,0,32,377244
2576270,3197,away,lose,0,3193,home,win,1,32,377253
2576277,3165,home,tie,0,3185,away,tie,0,32,377256
2576278,3173,home,win,2,3163,away,lose,1,32,377248
2576268,3315,away,tie,1,3157,home,tie,1,31,377257
2576267,3162,away,win,2,3163,home,lose,1,31,377206
2576260,3166,away,lose,0,3197,home,win,1,31,377264
2576261,3173,away,lose,0,3194,home,win,1,31,377219
2576262,3165,away,lose,1,3187,home,win,2,31,377258
2576265,3161,away,lose,0,3185,home,win,1,31,377210
2576264,3164,home,tie,0,3193,away,tie,0,31,377247
2576259,3172,away,tie,1,3204,home,tie,1,31,377233
2576263,3158,home,lose,0,3176,away,win,2,31,377252
2576266,3219,home,lose,2,3159,away,win,4,31,377246
2576221,3197,away,lose,1,3185,home,win,4,27,377241
2576224,3161,away,tie,0,3157,home,tie,0,27,377256
2576228,3315,away,tie,1,3165,home,tie,1,27,377210
2576223,3219,home,win,3,3194,away,lose,0,27,377244
2576220,3173,away,lose,1,3193,home,win,2,27,377263
2576222,3163,home,lose,0,3176,away,win,2,27,377231
2576227,3172,home,lose,1,3164,away,win,2,27,377246
2576252,3157,away,lose,1,3159,home,win,3,30,377232
2576253,3315,home,tie,1,3187,away,tie,1,30,377252
2576255,3165,home,win,2,3164,away,lose,1,30,377228
2576249,3162,home,win,6,3219,away,lose,2,30,377264
2576250,3197,away,lose,0,3176,home,win,2,30,377219
2576251,3161,home,win,3,3194,away,lose,0,30,377206
2576256,3204,away,tie,1,3193,home,tie,1,30,377248
2576257,3173,home,lose,0,3185,away,win,4,30,377261
2576258,3172,home,win,2,3163,away,lose,0,30,377257
2576254,3158,away,tie,1,3166,home,tie,1,30,377253
2576240,3162,home,tie,1,3166,away,tie,1,29,377233
2576244,3187,home,win,1,3193,away,lose,0,29,377246
2576239,3172,away,win,5,3194,home,lose,0,29,377256
2576241,3173,away,win,2,3219,home,lose,1,29,377258
2576242,3165,away,lose,2,3157,home,win,3,29,377251
2576243,3176,away,win,2,3185,home,lose,1,29,377254
2576247,3158,away,win,2,3197,home,lose,0,29,377231
2576245,3161,away,win,5,3164,home,lose,0,29,377210
2576246,3204,home,tie,0,3159,away,tie,0,29,377247
2576248,3315,away,win,2,3163,home,lose,1,29,377271
2576209,3172,away,lose,0,3159,home,win,2,26,377251
2576234,3161,home,tie,0,3187,away,tie,0,28,377228
2576233,3157,away,win,1,3193,home,lose,0,28,377252
2576229,3172,away,win,1,3166,home,lose,0,28,377264
2576232,3162,away,tie,2,3173,home,tie,2,28,377241
2576235,3197,home,win,4,3164,away,lose,1,28,377232
2576236,3315,home,tie,1,3204,away,tie,1,28,377244
2576238,3163,away,lose,0,3159,home,win,2,28,377248
2576230,3219,away,lose,0,3176,home,win,1,28,377246
2576231,3165,away,lose,0,3194,home,win,1,28,377233
2576237,3158,home,win,3,3185,away,lose,0,28,377263
2576226,3158,away,win,4,3187,home,lose,2,27,377247
2576225,3162,home,lose,0,3159,away,win,1,27,377231
2576219,3166,away,lose,0,3204,home,win,1,27,377206
2576215,3173,home,lose,0,3187,away,win,5,26,377248
2576214,3158,home,lose,0,3157,away,win,2,26,377232
2576211,3165,away,lose,0,3176,home,win,1,26,377271
2576213,3162,away,win,3,3315,home,lose,0,26,377258
2576217,3185,away,lose,1,3194,home,win,2,26,377247
2576218,3163,away,lose,1,3164,home,win,2,26,377233
2576216,3197,home,lose,2,3204,away,win,3,26,377228
2576210,3161,home,win,2,3219,away,lose,0,26,377257
2576212,3166,home,win,2,3193,away,lose,0,26,393594
2576202,3162,home,win,2,3194,away,lose,0,25,377264
2576206,3157,home,win,1,3164,away,lose,0,25,377244
2576201,3172,home,tie,1,3176,away,tie,1,25,377263
2576200,3219,home,win,3,3197,away,lose,2,25,377206
2576207,3315,away,lose,1,3166,home,win,2,25,377210
2576208,3187,home,win,1,3204,away,lose,0,25,377254
2576204,3185,home,lose,0,3159,away,win,1,25,377228
2576203,3161,away,lose,0,3193,home,win,2,25,377252
2576199,3173,away,lose,1,3165,home,win,2,25,377242
2576205,3158,away,win,2,3163,home,lose,0,25,377256
2576190,3158,home,win,5,3219,away,lose,2,24,377258
2576191,3161,home,win,2,3166,away,lose,1,24,377219
2576193,3165,home,lose,0,3193,away,win,1,24,377254
2576194,3164,home,win,2,3194,away,lose,0,24,377257
2576198,3163,away,lose,0,3185,home,win,2,24,377271
2576192,3315,home,tie,0,3173,away,tie,0,24,377232
2576196,3162,away,lose,1,3187,home,win,4,24,377231
2576189,3172,away,tie,1,3197,home,tie,1,24,377247
2576197,3157,away,win,4,3204,home,lose,0,24,377251
2576195,3176,home,lose,0,3159,away,win,2,24,377241
2576182,3162,home,lose,1,3193,away,win,2,23,377263
2576184,3219,home,lose,0,3187,away,win,2,23,377256
2576179,3172,home,win,1,3165,away,lose,0,23,377264
2576181,3166,home,lose,1,3176,away,win,2,23,377244
2576183,3163,home,tie,1,3157,away,tie,1,23,377258
2576186,3315,away,lose,0,3159,home,win,7,23,377248
2576187,3173,home,win,2,3204,away,lose,0,23,377247
2576185,3158,away,win,1,3194,home,lose,0,23,377252
2576180,3161,home,tie,1,3197,away,tie,1,23,377228
2576188,3164,home,tie,1,3185,away,tie,1,23,377206
2576177,3158,home,lose,0,3164,away,win,1,22,377231
2576176,3162,away,lose,1,3157,home,win,2,22,377253
2576170,3219,away,lose,0,3185,home,win,3,22,377251
2576171,3166,away,lose,1,3187,home,win,3,22,377232
2576172,3173,away,tie,1,3197,home,tie,1,22,377210
2576173,3176,home,lose,1,3194,away,win,4,22,377254
2576178,3163,away,win,1,3193,home,lose,0,22,377257
2576174,3161,away,tie,1,3204,home,tie,1,22,377248
2576175,3165,home,lose,0,3159,away,win,2,22,377263
2576169,3315,home,lose,0,3172,away,win,3,22,377219
2575987,3158,away,tie,1,3164,home,tie,1,3,377228
2576077,3162,home,win,3,3163,away,lose,0,12,377231
2576163,3193,away,lose,0,3159,home,win,1,21,377256
2576166,3161,home,tie,1,3158,away,tie,1,21,377247
2576164,3173,home,lose,1,3157,away,win,2,21,377241
2576159,3219,away,lose,0,3166,home,win,3,21,377255
2576160,3162,home,win,5,3165,away,lose,1,21,377271
2576161,3197,away,win,3,3194,home,lose,0,21,377206
2576162,3176,away,lose,1,3164,home,win,3,21,377246
2576167,3163,home,tie,1,3204,away,tie,1,21,377244
2576168,3315,home,tie,1,3185,away,tie,1,21,377252
2576165,3172,home,lose,0,3187,away,win,1,21,377228
2576154,3173,home,lose,0,3159,away,win,1,20,377264
2576149,3158,home,lose,1,3172,away,win,2,20,377241
2576151,3197,away,lose,0,3157,home,win,1,20,377263
2576152,3187,home,win,2,3194,away,lose,0,20,377271
2576155,3162,away,win,5,3204,home,lose,2,20,377210
2576156,3219,home,win,3,3164,away,lose,2,20,377258
2576157,3315,away,lose,0,3193,home,win,1,20,377248
2576150,3166,away,lose,0,3185,home,win,3,20,377233
2576153,3161,away,tie,1,3176,home,tie,1,20,377219
2576158,3165,home,tie,1,3163,away,tie,1,20,377267
2576144,3159,away,win,3,3194,home,lose,1,19,377232
2576145,3162,away,tie,0,3161,home,tie,0,19,377206
2576139,3173,away,win,2,3172,home,lose,1,19,377246
2576140,3165,away,lose,0,3219,home,win,1,19,394726
2576141,3166,home,lose,1,3163,away,win,2,19,377254
2576146,3158,home,tie,1,3315,away,tie,1,19,377228
2576147,3164,home,win,2,3204,away,lose,0,19,377257
2576148,3185,home,tie,0,3193,away,tie,0,19,377253
2576143,3157,away,tie,1,3176,home,tie,1,19,377231
2576142,3197,home,lose,0,3187,away,win,1,19,377251
2576132,3158,away,lose,0,3159,home,win,1,18,377210
2576134,3172,away,win,2,3157,home,lose,0,18,377252
2576131,3219,away,lose,0,3193,home,win,1,18,377271
2576135,3187,home,win,3,3164,away,lose,2,18,377247
2576136,3161,away,lose,0,3315,home,win,1,18,377244
2576137,3204,home,tie,2,3185,away,tie,2,18,377219
2576138,3163,home,win,4,3194,away,lose,0,18,377263
2576133,3162,home,win,4,3197,away,lose,0,18,377264
2576129,3173,home,lose,0,3176,away,win,1,18,377256
2576130,3165,home,lose,2,3166,away,win,3,18,377258
2576119,3162,away,tie,3,3172,home,tie,3,17,377253
2576120,3219,home,lose,1,3204,away,win,2,17,377246
2576121,3166,home,lose,0,3159,away,win,3,17,377231
2576122,3165,away,lose,0,3197,home,win,1,17,377257
2576123,3176,home,tie,0,3193,away,tie,0,17,377264
2576127,3315,away,win,1,3164,home,lose,0,17,377254
2576124,3157,away,lose,0,3194,home,win,3,17,377228
2576126,3158,home,win,1,3173,away,lose,0,17,377233
2576128,3187,away,win,3,3185,home,lose,1,17,377232
2576125,3161,home,lose,1,3163,away,win,3,17,377251
2576111,3172,away,win,2,3193,home,lose,1,16,377244
2576113,3162,home,lose,1,3185,away,win,3,16,377248
2576114,3166,away,lose,1,3157,home,win,2,16,377241
2576116,3315,home,win,2,3197,away,lose,1,16,377258
2576115,3187,home,tie,0,3176,away,tie,0,16,377252
2576117,3204,home,tie,2,3194,away,tie,2,16,377206
2576118,3219,away,lose,0,3163,home,win,2,16,377249
2576110,3158,away,tie,0,3165,home,tie,0,16,377263
2576112,3161,away,tie,0,3159,home,tie,0,16,377219
2576109,3173,home,tie,2,3164,away,tie,2,16,377246
2576103,3193,away,win,1,3194,home,lose,0,15,377233
2576101,3163,away,win,3,3197,home,lose,0,15,377247
2576107,3162,away,win,2,3164,home,lose,1,15,377232
2576100,3173,away,tie,1,3166,home,tie,1,15,377261
2576102,3315,away,lose,0,3176,home,win,3,15,377231
2576104,3161,home,win,5,3165,away,lose,0,15,377264
2576099,3219,home,tie,2,3157,away,tie,2,15,377251
2576108,3172,away,tie,1,3185,home,tie,1,15,377210
2576105,3187,home,lose,0,3159,away,win,1,15,377228
2576106,3158,home,win,3,3204,away,lose,1,15,377271
2576089,3172,home,win,1,3219,away,lose,0,14,377246
2576094,3197,away,lose,0,3159,home,win,3,14,377254
2576095,3162,home,tie,1,3176,away,tie,1,14,377247
2576093,3158,away,tie,1,3193,home,tie,1,14,377248
2576096,3157,home,tie,0,3185,away,tie,0,14,377253
2576098,3163,home,lose,0,3187,away,win,1,14,377256
2576091,3161,away,win,3,3173,home,lose,1,14,377257
2576092,3165,home,win,2,3204,away,lose,1,14,377269
2576097,3315,home,lose,0,3194,away,win,2,14,377219
2576090,3166,home,win,3,3164,away,lose,0,14,377263
2576081,3166,away,win,3,3194,home,lose,2,13,377251
2576082,3161,home,win,2,3172,away,lose,0,13,377252
2576079,3315,away,win,2,3219,home,lose,1,13,377232
2576085,3164,home,win,3,3159,away,lose,2,13,377241
2576086,3176,away,tie,1,3204,home,tie,1,13,377264
2576087,3165,away,tie,1,3185,home,tie,1,13,377231
2576088,3173,away,win,1,3163,home,lose,0,13,377258
2576080,3197,home,lose,0,3193,away,win,1,13,377210
2576083,3187,home,win,2,3157,away,lose,1,13,377244
2576084,3162,away,lose,1,3158,home,win,2,13,377206
2576078,3315,home,lose,0,3157,away,win,2,12,377233
2576069,3172,home,tie,1,3204,away,tie,1,12,377267
2576071,3173,home,win,2,3194,away,lose,1,12,377241
2576072,3165,home,tie,0,3187,away,tie,0,12,377247
2576073,3158,away,win,4,3176,home,lose,2,12,377256
2576076,3219,away,lose,1,3159,home,win,2,12,377271
2576075,3161,home,tie,1,3185,away,tie,1,12,377228
2576074,3164,away,win,2,3193,home,lose,0,12,377253
2576070,3166,home,lose,2,3197,away,win,3,12,377246
2576061,3161,away,win,2,3194,home,lose,1,11,377254
2576067,3173,away,lose,1,3185,home,win,2,11,377264
2576060,3197,home,win,2,3176,away,lose,1,11,377263
2576063,3315,away,lose,1,3187,home,win,3,11,377257
2576065,3165,away,lose,1,3164,home,win,4,11,377244
2576066,3204,home,win,1,3193,away,lose,0,11,377228
2576068,3172,away,lose,1,3163,home,win,2,11,377206
2576059,3162,away,win,5,3219,home,lose,1,11,377248
2576064,3158,home,win,1,3166,away,lose,0,11,377252
2576062,3157,home,lose,0,3159,away,win,2,11,377219
2576050,3162,away,win,2,3166,home,lose,1,10,377247
2576051,3173,home,win,2,3219,away,lose,1,10,377253
2576052,3165,home,lose,1,3157,away,win,4,10,377256
2576053,3176,home,win,3,3185,away,lose,0,10,377251
2576054,3187,away,win,3,3193,home,lose,2,10,377232
2576056,3204,away,lose,1,3159,home,win,4,10,377246
2576057,3158,home,win,1,3197,away,lose,0,10,377258
2576058,3315,home,lose,0,3163,away,win,1,10,377210
2576049,3172,home,win,3,3194,away,lose,0,10,394732
2576055,3161,home,win,3,3164,away,lose,2,10,377241
2576042,3162,home,win,3,3173,away,lose,0,9,377257
2576048,3163,home,lose,2,3159,away,win,6,9,377244
2576039,3172,home,win,1,3166,away,lose,0,9,377263
2576040,3219,home,lose,0,3176,away,win,3,9,377254
2576043,3157,home,tie,0,3193,away,tie,0,9,377248
2576046,3315,away,win,1,3204,home,lose,0,9,377252
2576047,3158,away,win,1,3185,home,lose,0,9,377233
2576041,3165,home,win,3,3194,away,lose,2,9,377271
2576044,3161,away,tie,0,3187,home,tie,0,9,377231
2576045,3197,away,lose,0,3164,home,win,5,9,377264
2576033,3219,away,lose,0,3194,home,win,1,8,377256
2576034,3161,home,win,3,3157,away,lose,2,8,377210
2576029,3166,home,win,2,3204,away,lose,1,8,377241
2576030,3173,home,lose,2,3193,away,win,3,8,377247
2576031,3197,home,tie,2,3185,away,tie,2,8,377219
2576037,3172,away,lose,1,3164,home,win,3,8,377251
2576038,3315,home,tie,0,3165,away,tie,0,8,377258
2576032,3163,away,lose,1,3176,home,win,2,8,377253
2576036,3158,home,lose,0,3187,away,win,1,8,377206
2576035,3162,away,win,2,3159,home,lose,1,8,377232
2576019,3172,home,tie,2,3159,away,tie,2,7,377233
2576024,3158,away,win,2,3157,home,lose,0,7,377231
2576020,3161,away,win,2,3219,home,lose,1,7,377244
2576021,3165,home,win,2,3176,away,lose,1,7,377248
2576023,3162,home,win,6,3315,away,lose,1,7,377263
2576026,3197,away,tie,1,3204,home,tie,1,7,377232
2576027,3185,home,tie,2,3194,away,tie,2,7,377254
2576025,3173,away,lose,0,3187,home,win,3,7,377271
2576022,3166,away,win,1,3193,home,lose,0,7,377206
2576028,3163,home,win,4,3164,away,lose,0,7,377252
2576011,3172,away,tie,1,3176,home,tie,1,6,377257
2576017,3315,home,lose,0,3166,away,win,1,6,377210
2576009,3173,home,lose,0,3165,away,win,2,6,377249
2576010,3219,away,lose,0,3197,home,win,2,6,377228
2576012,3162,away,win,3,3194,home,lose,0,6,377253
2576013,3161,home,win,1,3193,away,lose,0,6,377241
2576016,3157,away,lose,0,3164,home,win,2,6,377219
2576014,3185,away,lose,0,3159,home,win,4,6,377248
2576018,3187,away,win,3,3204,home,lose,2,6,377251
2576015,3158,home,win,3,3163,away,lose,1,6,377247
2575999,3172,home,win,5,3197,away,lose,1,5,396780
2576002,3315,away,win,1,3173,home,lose,0,5,377254
2576003,3165,away,tie,1,3193,home,tie,1,5,377232
2576004,3164,away,tie,0,3194,home,tie,0,5,377258
2576005,3176,away,lose,0,3159,home,win,1,5,377244
2576006,3162,home,lose,1,3187,away,win,4,5,377233
2576007,3157,home,win,2,3204,away,lose,0,5,377271
2576008,3163,home,lose,2,3185,away,win,3,5,377206
2576000,3158,away,win,4,3219,home,lose,0,5,377252
2576001,3161,away,tie,1,3166,home,tie,1,5,377256
2575992,3162,away,win,3,3193,home,lose,2,4,377228
2575989,3172,away,tie,1,3165,home,tie,1,4,377251
2575993,3163,away,lose,1,3157,home,win,2,4,377241
2575994,3219,away,lose,0,3187,home,win,6,4,377253
2575997,3173,away,win,2,3204,home,lose,0,4,377255
2575998,3164,away,tie,2,3185,home,tie,2,4,377210
2575996,3315,home,lose,1,3159,away,win,3,4,377247
2575995,3158,home,win,3,3194,away,lose,0,4,377257
2575991,3166,away,lose,1,3176,home,win,2,4,377219
2575990,3161,away,win,2,3197,home,lose,0,4,377231
2575981,3166,home,lose,0,3187,away,win,3,3,377248
2575980,3219,home,lose,0,3185,away,win,1,3,377271
2575986,3162,home,win,4,3157,away,lose,1,3,377206
2575979,3315,away,lose,1,3172,home,win,2,3,377258
2575982,3173,home,win,1,3197,away,lose,0,3,377244
2575983,3176,away,win,5,3194,home,lose,0,3,377233
2575988,3163,home,win,1,3193,away,lose,0,3,377263
2575984,3161,home,win,2,3204,away,lose,0,3,377254
2575985,3165,away,lose,0,3159,home,win,3,3,377252
2575970,3162,away,win,2,3165,home,lose,1,2,377258
2575971,3197,home,tie,0,3194,away,tie,0,2,377241
2575972,3176,home,lose,1,3164,away,win,2,2,377244
2575974,3173,away,lose,1,3157,home,win,2,2,377257
2575975,3172,away,lose,1,3187,home,win,3,2,377256
2575977,3163,away,lose,2,3204,home,win,3,2,377219
2575978,3315,away,lose,0,3185,home,win,3,2,377232
2575976,3161,away,win,3,3158,home,lose,1,2,377253
2575969,3219,home,lose,0,3166,away,win,1,2,377264
2575973,3193,home,lose,2,3159,away,win,4,2,377231
2575960,3166,home,tie,1,3185,away,tie,1,1,377247
2575961,3197,home,lose,0,3157,away,win,3,1,377251
2575963,3161,home,win,3,3176,away,lose,0,1,377210
2575965,3162,home,tie,0,3204,away,tie,0,1,377271
2575966,3219,away,lose,1,3164,home,win,2,1,377246
2575967,3315,home,tie,0,3193,away,tie,0,1,377233
2575968,3165,away,win,2,3163,home,lose,1,1,377254
2575959,3158,away,win,1,3172,home,lose,0,1,377248
2575962,3187,away,win,3,3194,home,lose,1,1,377252
2575964,3173,away,lose,0,3159,home,win,3,1,377263
